,datetime,year,month,day,number_of_pushes,number_of_forks,number_of_pulls,number_of_Bookmarks,issue_comment_count,issue_author_count,commit_comment_count,commit_author_count,number_of_issues,commit_count,unique_committer_count,Total_count,Status
0,2015-06-28,2015,6,28,7.0,0.0,0.0,0.0,0.0,0.0,0.0,0.0,0.0,,,7.0,
1,2015-07-05,2015,7,5,7.0,0.0,0.0,0.0,0.0,0.0,0.0,0.0,0.0,,,7.0,
2,2015-07-12,2015,7,12,1.0,0.0,0.0,0.0,0.0,0.0,0.0,0.0,0.0,,,1.0,
3,2015-07-19,2015,7,19,0.0,0.0,0.0,0.0,0.0,0.0,0.0,0.0,0.0,,,0.0,
4,2015-07-26,2015,7,26,2.0,0.0,0.0,0.0,0.0,0.0,0.0,0.0,0.0,,,2.0,
5,2015-08-02,2015,8,2,0.0,0.0,0.0,0.0,0.0,0.0,0.0,0.0,0.0,,,0.0,0.0
6,2015-08-09,2015,8,9,0.0,0.0,0.0,0.0,0.0,0.0,0.0,0.0,0.0,,,0.0,1.0
7,2015-08-16,2015,8,16,5.0,0.0,0.0,0.0,0.0,0.0,0.0,0.0,0.0,,,5.0,1.0
8,2015-08-23,2015,8,23,1.0,0.0,0.0,0.0,0.0,0.0,0.0,0.0,0.0,,,1.0,0.0
9,2015-08-30,2015,8,30,0.0,0.0,0.0,0.0,0.0,0.0,0.0,0.0,0.0,,,0.0,0.0
10,2015-09-06,2015,9,6,0.0,0.0,0.0,0.0,0.0,0.0,0.0,0.0,0.0,,,0.0,1.0
11,2015-09-13,2015,9,13,1.0,0.0,0.0,0.0,0.0,0.0,0.0,0.0,0.0,,,1.0,1.0
12,2015-09-20,2015,9,20,0.0,0.0,0.0,0.0,0.0,0.0,0.0,0.0,0.0,,,0.0,0.0
13,2015-09-27,2015,9,27,0.0,0.0,0.0,0.0,0.0,0.0,0.0,0.0,0.0,,,0.0,1.0
14,2015-10-04,2015,10,4,0.0,0.0,0.0,0.0,0.0,0.0,0.0,0.0,0.0,,,0.0,1.0
15,2015-10-11,2015,10,11,0.0,0.0,0.0,0.0,0.0,0.0,0.0,0.0,0.0,,,0.0,1.0
16,2015-10-18,2015,10,18,0.0,0.0,0.0,0.0,0.0,0.0,0.0,0.0,0.0,,,0.0,1.0
17,2015-10-25,2015,10,25,0.0,0.0,0.0,0.0,0.0,0.0,0.0,0.0,0.0,,,0.0,1.0
18,2015-11-01,2015,11,1,1.0,0.0,0.0,0.0,0.0,0.0,0.0,0.0,0.0,,,1.0,1.0
19,2015-11-08,2015,11,8,0.0,0.0,0.0,0.0,0.0,0.0,0.0,0.0,0.0,,,0.0,0.0
20,2015-11-15,2015,11,15,0.0,0.0,0.0,0.0,0.0,0.0,0.0,0.0,0.0,,,0.0,1.0
21,2015-11-22,2015,11,22,0.0,0.0,0.0,0.0,0.0,0.0,0.0,0.0,0.0,,,0.0,1.0
22,2015-11-29,2015,11,29,0.0,0.0,0.0,0.0,0.0,0.0,0.0,0.0,0.0,,,0.0,1.0
23,2015-12-06,2015,12,6,0.0,0.0,0.0,0.0,0.0,0.0,0.0,0.0,0.0,,,0.0,1.0
24,2015-12-13,2015,12,13,0.0,0.0,0.0,0.0,0.0,0.0,0.0,0.0,0.0,,,0.0,1.0
25,2015-12-20,2015,12,20,0.0,0.0,0.0,0.0,0.0,0.0,0.0,0.0,0.0,,,0.0,1.0
26,2015-12-27,2015,12,27,0.0,0.0,0.0,0.0,0.0,0.0,0.0,0.0,0.0,,,0.0,1.0
27,2016-01-03,2016,1,3,0.0,0.0,0.0,0.0,0.0,0.0,0.0,0.0,0.0,,,0.0,1.0
28,2016-01-10,2016,1,10,0.0,0.0,0.0,0.0,0.0,0.0,0.0,0.0,0.0,,,0.0,1.0
29,2016-01-17,2016,1,17,0.0,0.0,0.0,0.0,0.0,0.0,0.0,0.0,0.0,,,0.0,1.0
30,2016-01-24,2016,1,24,0.0,0.0,0.0,0.0,0.0,0.0,0.0,0.0,0.0,,,0.0,1.0
31,2016-01-31,2016,1,31,0.0,0.0,0.0,0.0,0.0,0.0,0.0,0.0,0.0,,,0.0,1.0
32,2016-02-07,2016,2,7,0.0,0.0,0.0,0.0,0.0,0.0,0.0,0.0,0.0,,,0.0,1.0
33,2016-02-14,2016,2,14,0.0,0.0,0.0,0.0,0.0,0.0,0.0,0.0,0.0,,,0.0,1.0
34,2016-02-21,2016,2,21,1.0,0.0,0.0,0.0,0.0,0.0,0.0,0.0,0.0,1.0,1.0,3.0,1.0
35,2016-02-28,2016,2,28,0.0,0.0,0.0,0.0,0.0,0.0,0.0,0.0,0.0,0.0,0.0,0.0,0.0
36,2016-03-06,2016,3,6,0.0,0.0,0.0,0.0,0.0,0.0,0.0,0.0,0.0,0.0,0.0,0.0,1.0
37,2016-03-13,2016,3,13,0.0,0.0,0.0,0.0,0.0,0.0,0.0,0.0,0.0,0.0,0.0,0.0,1.0
38,2016-03-20,2016,3,20,0.0,0.0,0.0,0.0,0.0,0.0,0.0,0.0,0.0,0.0,0.0,0.0,1.0
39,2016-03-27,2016,3,27,1.0,0.0,0.0,0.0,0.0,0.0,0.0,0.0,0.0,1.0,1.0,3.0,1.0
40,2016-04-03,2016,4,3,7.0,0.0,0.0,0.0,0.0,0.0,0.0,0.0,0.0,9.0,1.0,17.0,1.0
41,2016-04-10,2016,4,10,17.0,0.0,0.0,0.0,0.0,0.0,0.0,0.0,0.0,23.0,2.0,42.0,1.0
42,2016-04-17,2016,4,17,0.0,0.0,0.0,0.0,0.0,0.0,0.0,0.0,0.0,0.0,0.0,0.0,0.0
43,2016-04-24,2016,4,24,13.0,0.0,0.0,0.0,0.0,0.0,0.0,0.0,0.0,13.0,2.0,28.0,1.0
44,2016-05-01,2016,5,1,11.0,0.0,0.0,0.0,0.0,0.0,0.0,0.0,0.0,14.0,2.0,27.0,1.0
45,2016-05-08,2016,5,8,2.0,0.0,0.0,0.0,0.0,0.0,0.0,0.0,0.0,2.0,1.0,5.0,0.0
46,2016-05-15,2016,5,15,0.0,0.0,0.0,0.0,0.0,0.0,0.0,0.0,0.0,0.0,0.0,0.0,0.0
47,2016-05-22,2016,5,22,0.0,0.0,0.0,0.0,0.0,0.0,0.0,0.0,0.0,0.0,0.0,0.0,1.0
48,2016-05-29,2016,5,29,0.0,0.0,0.0,0.0,0.0,0.0,0.0,0.0,0.0,0.0,0.0,0.0,1.0
49,2016-06-05,2016,6,5,0.0,0.0,0.0,0.0,0.0,0.0,0.0,0.0,0.0,0.0,0.0,0.0,1.0
50,2016-06-12,2016,6,12,1.0,0.0,0.0,0.0,0.0,0.0,0.0,0.0,0.0,2.0,1.0,4.0,1.0
51,2016-06-19,2016,6,19,10.0,0.0,0.0,0.0,0.0,0.0,0.0,0.0,0.0,10.0,2.0,22.0,1.0
52,2016-06-26,2016,6,26,1.0,0.0,0.0,0.0,0.0,0.0,0.0,0.0,0.0,1.0,1.0,3.0,0.0
53,2016-07-03,2016,7,3,0.0,0.0,0.0,0.0,0.0,0.0,0.0,0.0,0.0,0.0,0.0,0.0,0.0
54,2016-07-10,2016,7,10,0.0,0.0,0.0,0.0,0.0,0.0,0.0,0.0,0.0,0.0,0.0,0.0,1.0
55,2016-07-17,2016,7,17,0.0,0.0,0.0,0.0,0.0,0.0,0.0,0.0,0.0,0.0,0.0,0.0,1.0
56,2016-07-24,2016,7,24,0.0,0.0,0.0,0.0,0.0,0.0,0.0,0.0,0.0,0.0,0.0,0.0,1.0
57,2016-07-31,2016,7,31,1.0,0.0,0.0,0.0,0.0,0.0,0.0,0.0,0.0,1.0,1.0,3.0,1.0
58,2016-08-07,2016,8,7,0.0,0.0,0.0,0.0,0.0,0.0,0.0,0.0,0.0,0.0,0.0,0.0,0.0
59,2016-08-14,2016,8,14,4.0,0.0,0.0,0.0,0.0,0.0,0.0,0.0,0.0,6.0,2.0,12.0,1.0
60,2016-08-21,2016,8,21,1.0,0.0,0.0,0.0,0.0,0.0,0.0,0.0,0.0,1.0,1.0,3.0,0.0
61,2016-08-28,2016,8,28,0.0,0.0,0.0,0.0,0.0,0.0,0.0,0.0,0.0,0.0,0.0,0.0,0.0
62,2016-09-04,2016,9,4,0.0,0.0,0.0,1.0,0.0,0.0,0.0,0.0,0.0,0.0,0.0,1.0,1.0
63,2016-09-11,2016,9,11,3.0,0.0,0.0,0.0,0.0,0.0,0.0,0.0,0.0,3.0,2.0,8.0,1.0
64,2016-09-18,2016,9,18,2.0,0.0,0.0,0.0,0.0,0.0,0.0,0.0,0.0,2.0,2.0,6.0,0.0
65,2016-09-25,2016,9,25,0.0,0.0,0.0,0.0,0.0,0.0,0.0,0.0,0.0,0.0,0.0,0.0,0.0
66,2016-10-02,2016,10,2,0.0,0.0,0.0,0.0,0.0,0.0,0.0,0.0,0.0,0.0,0.0,0.0,1.0
67,2016-10-09,2016,10,9,0.0,0.0,0.0,0.0,0.0,0.0,0.0,0.0,0.0,0.0,0.0,0.0,1.0
68,2016-10-16,2016,10,16,1.0,0.0,0.0,0.0,0.0,0.0,0.0,0.0,0.0,2.0,1.0,4.0,1.0
69,2016-10-23,2016,10,23,4.0,0.0,0.0,0.0,0.0,0.0,0.0,0.0,0.0,4.0,2.0,10.0,1.0
70,2016-10-30,2016,10,30,0.0,0.0,0.0,0.0,0.0,0.0,0.0,0.0,0.0,0.0,0.0,0.0,0.0
71,2016-11-06,2016,11,6,0.0,0.0,0.0,0.0,0.0,0.0,0.0,0.0,0.0,0.0,0.0,0.0,1.0
72,2016-11-13,2016,11,13,0.0,0.0,0.0,0.0,0.0,0.0,0.0,0.0,0.0,0.0,0.0,0.0,1.0
73,2016-11-20,2016,11,20,0.0,0.0,0.0,0.0,0.0,0.0,0.0,0.0,0.0,0.0,0.0,0.0,1.0
74,2016-11-27,2016,11,27,0.0,0.0,0.0,0.0,0.0,0.0,0.0,0.0,0.0,0.0,0.0,0.0,1.0
75,2016-12-04,2016,12,4,0.0,0.0,0.0,0.0,0.0,0.0,0.0,0.0,0.0,0.0,0.0,0.0,1.0
76,2016-12-11,2016,12,11,2.0,0.0,0.0,0.0,0.0,0.0,0.0,0.0,0.0,2.0,2.0,6.0,1.0
77,2016-12-18,2016,12,18,5.0,0.0,0.0,0.0,0.0,0.0,0.0,0.0,0.0,11.0,1.0,17.0,1.0
78,2016-12-25,2016,12,25,15.0,0.0,0.0,0.0,0.0,0.0,0.0,0.0,0.0,35.0,1.0,51.0,1.0
79,2017-01-01,2017,1,1,6.0,0.0,0.0,0.0,0.0,0.0,0.0,0.0,0.0,4.0,1.0,11.0,0.0
80,2017-01-08,2017,1,8,13.0,0.0,0.0,0.0,0.0,0.0,0.0,0.0,0.0,15.0,2.0,30.0,1.0
81,2017-01-15,2017,1,15,14.0,0.0,0.0,0.0,0.0,0.0,0.0,0.0,0.0,20.0,2.0,36.0,1.0
82,2017-01-22,2017,1,22,8.0,1.0,0.0,0.0,0.0,0.0,0.0,0.0,0.0,11.0,2.0,22.0,0.0
83,2017-01-29,2017,1,29,2.0,0.0,0.0,0.0,0.0,0.0,0.0,0.0,0.0,3.0,1.0,6.0,0.0
84,2017-02-05,2017,2,5,4.0,0.0,0.0,0.0,0.0,0.0,0.0,0.0,0.0,8.0,2.0,14.0,1.0
85,2017-02-12,2017,2,12,11.0,0.0,0.0,0.0,0.0,0.0,0.0,0.0,0.0,13.0,2.0,26.0,1.0
86,2017-02-19,2017,2,19,2.0,0.0,0.0,0.0,0.0,0.0,0.0,0.0,0.0,4.0,2.0,8.0,0.0
87,2017-02-26,2017,2,26,3.0,0.0,0.0,0.0,0.0,0.0,0.0,0.0,0.0,9.0,2.0,14.0,1.0
88,2017-03-05,2017,3,5,3.0,0.0,0.0,0.0,0.0,0.0,0.0,0.0,0.0,4.0,1.0,8.0,0.0
89,2017-03-12,2017,3,12,3.0,0.0,0.0,0.0,0.0,0.0,0.0,0.0,0.0,5.0,1.0,9.0,1.0
90,2017-03-19,2017,3,19,3.0,0.0,0.0,0.0,0.0,0.0,0.0,0.0,0.0,3.0,2.0,8.0,1.0
91,2017-03-26,2017,3,26,0.0,0.0,0.0,0.0,0.0,0.0,0.0,0.0,0.0,0.0,0.0,0.0,0.0
92,2017-04-02,2017,4,2,0.0,0.0,0.0,0.0,0.0,0.0,0.0,0.0,0.0,0.0,0.0,0.0,1.0
93,2017-04-09,2017,4,9,0.0,0.0,0.0,0.0,0.0,0.0,0.0,0.0,0.0,0.0,0.0,0.0,1.0
94,2017-04-16,2017,4,16,3.0,0.0,0.0,1.0,0.0,0.0,0.0,0.0,0.0,3.0,1.0,8.0,1.0
95,2017-04-23,2017,4,23,6.0,0.0,0.0,1.0,0.0,0.0,0.0,0.0,0.0,6.0,2.0,15.0,1.0
96,2017-04-30,2017,4,30,5.0,0.0,0.0,0.0,0.0,0.0,0.0,0.0,0.0,5.0,2.0,12.0,0.0
97,2017-05-07,2017,5,7,4.0,0.0,0.0,0.0,0.0,0.0,0.0,0.0,0.0,5.0,2.0,11.0,0.0
98,2017-05-14,2017,5,14,0.0,0.0,0.0,0.0,0.0,0.0,0.0,0.0,0.0,0.0,0.0,0.0,0.0
99,2017-05-21,2017,5,21,1.0,0.0,0.0,0.0,0.0,0.0,0.0,0.0,0.0,1.0,1.0,3.0,1.0
100,2017-05-28,2017,5,28,0.0,0.0,0.0,0.0,0.0,0.0,0.0,0.0,0.0,0.0,0.0,0.0,0.0
101,2017-06-04,2017,6,4,2.0,2.0,0.0,0.0,0.0,0.0,0.0,0.0,0.0,2.0,1.0,7.0,1.0
102,2017-06-11,2017,6,11,6.0,1.0,6.0,0.0,0.0,0.0,0.0,0.0,0.0,9.0,2.0,24.0,1.0
103,2017-06-18,2017,6,18,10.0,2.0,4.0,0.0,0.0,0.0,0.0,0.0,0.0,14.0,2.0,32.0,1.0
104,2017-06-25,2017,6,25,6.0,0.0,0.0,0.0,0.0,0.0,0.0,0.0,0.0,6.0,1.0,13.0,0.0
105,2017-07-02,2017,7,2,10.0,0.0,0.0,0.0,0.0,0.0,0.0,0.0,0.0,10.0,2.0,22.0,1.0
106,2017-07-09,2017,7,9,2.0,0.0,0.0,0.0,0.0,0.0,0.0,0.0,0.0,2.0,1.0,5.0,0.0
107,2017-07-16,2017,7,16,0.0,0.0,0.0,0.0,0.0,0.0,0.0,0.0,0.0,0.0,0.0,0.0,0.0
108,2017-07-23,2017,7,23,3.0,0.0,0.0,0.0,0.0,0.0,0.0,0.0,0.0,3.0,2.0,8.0,1.0
109,2017-07-30,2017,7,30,4.0,0.0,0.0,0.0,0.0,0.0,0.0,0.0,0.0,4.0,1.0,9.0,1.0
110,2017-08-06,2017,8,6,3.0,0.0,0.0,0.0,0.0,0.0,0.0,0.0,0.0,3.0,1.0,7.0,0.0
111,2017-08-13,2017,8,13,4.0,0.0,0.0,0.0,0.0,0.0,0.0,0.0,0.0,4.0,2.0,10.0,1.0
112,2017-08-20,2017,8,20,3.0,0.0,0.0,0.0,0.0,0.0,0.0,0.0,0.0,3.0,2.0,8.0,0.0
113,2017-08-27,2017,8,27,1.0,1.0,0.0,0.0,0.0,0.0,0.0,0.0,0.0,1.0,1.0,4.0,0.0
114,2017-09-03,2017,9,3,5.0,0.0,0.0,0.0,0.0,0.0,0.0,0.0,0.0,6.0,2.0,13.0,1.0
115,2017-09-10,2017,9,10,2.0,0.0,0.0,0.0,0.0,0.0,0.0,0.0,0.0,2.0,1.0,5.0,0.0
116,2017-09-17,2017,9,17,3.0,0.0,2.0,0.0,0.0,0.0,0.0,0.0,0.0,3.0,3.0,11.0,1.0
117,2017-09-24,2017,9,24,3.0,0.0,2.0,1.0,0.0,0.0,0.0,0.0,0.0,3.0,2.0,11.0,1.0
118,2017-10-01,2017,10,1,3.0,0.0,0.0,0.0,0.0,0.0,0.0,0.0,0.0,3.0,1.0,7.0,0.0
119,2017-10-08,2017,10,8,1.0,0.0,0.0,0.0,0.0,0.0,0.0,0.0,0.0,1.0,1.0,3.0,0.0
120,2017-10-15,2017,10,15,3.0,0.0,1.0,0.0,0.0,0.0,0.0,0.0,0.0,4.0,2.0,10.0,1.0
121,2017-10-22,2017,10,22,3.0,0.0,0.0,0.0,0.0,0.0,0.0,0.0,0.0,3.0,2.0,8.0,0.0
122,2017-10-29,2017,10,29,2.0,0.0,3.0,0.0,0.0,0.0,0.0,0.0,0.0,2.0,1.0,8.0,1.0
123,2017-11-05,2017,11,5,6.0,0.0,3.0,0.0,0.0,0.0,0.0,0.0,0.0,7.0,3.0,19.0,1.0
124,2017-11-12,2017,11,12,4.0,0.0,1.0,0.0,0.0,0.0,0.0,0.0,0.0,5.0,2.0,12.0,0.0
125,2017-11-19,2017,11,19,5.0,0.0,0.0,1.0,0.0,0.0,0.0,0.0,0.0,5.0,2.0,13.0,1.0
126,2017-11-26,2017,11,26,1.0,0.0,0.0,0.0,0.0,0.0,0.0,0.0,0.0,1.0,1.0,3.0,0.0
127,2017-12-03,2017,12,3,1.0,0.0,0.0,1.0,0.0,0.0,0.0,0.0,0.0,1.0,1.0,4.0,1.0
128,2017-12-10,2017,12,10,2.0,0.0,0.0,0.0,0.0,0.0,0.0,0.0,0.0,2.0,2.0,6.0,1.0
129,2017-12-17,2017,12,17,0.0,0.0,0.0,0.0,0.0,0.0,0.0,0.0,0.0,0.0,0.0,0.0,0.0
130,2017-12-24,2017,12,24,1.0,0.0,0.0,0.0,0.0,0.0,0.0,0.0,0.0,1.0,1.0,3.0,1.0
131,2017-12-31,2017,12,31,1.0,0.0,0.0,0.0,0.0,0.0,0.0,0.0,0.0,1.0,1.0,3.0,1.0
132,2018-01-07,2018,1,7,0.0,0.0,0.0,0.0,0.0,0.0,0.0,0.0,0.0,2.0,2.0,4.0,1.0
133,2018-01-14,2018,1,14,0.0,0.0,0.0,0.0,0.0,0.0,0.0,0.0,0.0,3.0,1.0,4.0,1.0
134,2018-01-21,2018,1,21,0.0,0.0,0.0,0.0,0.0,0.0,0.0,0.0,0.0,6.0,3.0,9.0,1.0
135,2018-01-28,2018,1,28,0.0,0.0,0.0,0.0,0.0,0.0,0.0,0.0,0.0,0.0,0.0,0.0,0.0
136,2018-02-04,2018,2,4,1.0,0.0,2.0,0.0,0.0,0.0,0.0,0.0,0.0,1.0,1.0,5.0,1.0
137,2018-02-11,2018,2,11,0.0,0.0,0.0,0.0,0.0,0.0,0.0,0.0,0.0,0.0,0.0,0.0,0.0
138,2018-02-18,2018,2,18,1.0,0.0,2.0,0.0,0.0,0.0,0.0,0.0,0.0,1.0,1.0,5.0,1.0
139,2018-02-25,2018,2,25,1.0,0.0,2.0,0.0,0.0,0.0,0.0,0.0,0.0,1.0,1.0,5.0,1.0
140,2018-03-04,2018,3,4,0.0,0.0,0.0,0.0,0.0,0.0,0.0,0.0,0.0,0.0,0.0,0.0,0.0
141,2018-03-11,2018,3,11,1.0,0.0,2.0,0.0,0.0,0.0,0.0,0.0,0.0,1.0,1.0,5.0,1.0
142,2018-03-18,2018,3,18,1.0,0.0,2.0,0.0,0.0,0.0,0.0,0.0,0.0,1.0,1.0,5.0,1.0
143,2018-03-25,2018,3,25,2.0,1.0,4.0,0.0,0.0,0.0,0.0,0.0,0.0,2.0,1.0,10.0,1.0
144,2018-04-01,2018,4,1,2.0,0.0,0.0,1.0,0.0,0.0,0.0,0.0,0.0,3.0,1.0,7.0,0.0
145,2018-04-08,2018,4,8,0.0,0.0,0.0,1.0,0.0,0.0,0.0,0.0,0.0,1.0,1.0,3.0,0.0
146,2018-04-15,2018,4,15,2.0,0.0,4.0,0.0,2.0,2.0,0.0,0.0,0.0,2.0,1.0,13.0,1.0
147,2018-04-22,2018,4,22,0.0,0.0,0.0,0.0,0.0,0.0,0.0,0.0,0.0,0.0,0.0,0.0,0.0
148,2018-04-29,2018,4,29,1.0,0.0,2.0,0.0,0.0,0.0,0.0,0.0,0.0,1.0,1.0,5.0,1.0
149,2018-05-06,2018,5,6,0.0,0.0,2.0,0.0,0.0,0.0,0.0,0.0,0.0,1.0,1.0,4.0,0.0
150,2018-05-13,2018,5,13,1.0,0.0,0.0,0.0,0.0,0.0,0.0,0.0,0.0,1.0,1.0,3.0,0.0
151,2018-05-20,2018,5,20,0.0,0.0,0.0,0.0,0.0,0.0,0.0,0.0,0.0,0.0,0.0,0.0,0.0
152,2018-05-27,2018,5,27,2.0,0.0,3.0,0.0,1.0,1.0,0.0,0.0,0.0,2.0,1.0,10.0,1.0
153,2018-06-03,2018,6,3,0.0,0.0,1.0,0.0,0.0,0.0,0.0,0.0,0.0,1.0,1.0,3.0,0.0
154,2018-06-10,2018,6,10,1.0,0.0,2.0,0.0,0.0,0.0,0.0,0.0,0.0,1.0,1.0,5.0,1.0
155,2018-06-17,2018,6,17,0.0,0.0,0.0,0.0,0.0,0.0,0.0,0.0,0.0,0.0,0.0,0.0,0.0
156,2018-06-24,2018,6,24,2.0,0.0,4.0,0.0,1.0,1.0,0.0,0.0,0.0,2.0,1.0,11.0,1.0
157,2018-07-01,2018,7,1,2.0,0.0,2.0,0.0,0.0,0.0,0.0,0.0,0.0,2.0,2.0,8.0,0.0
158,2018-07-08,2018,7,8,0.0,0.0,0.0,0.0,0.0,0.0,0.0,0.0,0.0,0.0,0.0,0.0,0.0
159,2018-07-15,2018,7,15,1.0,0.0,5.0,0.0,0.0,0.0,0.0,0.0,0.0,1.0,1.0,8.0,1.0
160,2018-07-22,2018,7,22,1.0,0.0,1.0,0.0,0.0,0.0,0.0,0.0,0.0,1.0,1.0,4.0,0.0
161,2018-07-29,2018,7,29,1.0,0.0,1.0,0.0,0.0,0.0,0.0,0.0,0.0,1.0,1.0,4.0,1.0
162,2018-08-05,2018,8,5,1.0,0.0,2.0,0.0,0.0,0.0,0.0,0.0,0.0,1.0,1.0,5.0,1.0
163,2018-08-12,2018,8,12,0.0,0.0,0.0,0.0,0.0,0.0,0.0,0.0,0.0,0.0,0.0,0.0,0.0
164,2018-08-19,2018,8,19,0.0,0.0,0.0,0.0,0.0,0.0,0.0,0.0,0.0,0.0,0.0,0.0,1.0
165,2018-08-26,2018,8,26,1.0,0.0,2.0,0.0,0.0,0.0,0.0,0.0,0.0,1.0,1.0,5.0,1.0
166,2018-09-02,2018,9,2,0.0,0.0,0.0,0.0,0.0,0.0,0.0,0.0,0.0,0.0,0.0,0.0,0.0
167,2018-09-09,2018,9,9,0.0,0.0,0.0,0.0,0.0,0.0,0.0,0.0,0.0,0.0,0.0,0.0,1.0
168,2018-09-16,2018,9,16,0.0,0.0,0.0,0.0,0.0,0.0,0.0,0.0,0.0,0.0,0.0,0.0,1.0
169,2018-09-23,2018,9,23,0.0,1.0,1.0,0.0,0.0,0.0,0.0,0.0,0.0,0.0,0.0,2.0,1.0
170,2018-09-30,2018,9,30,1.0,1.0,2.0,0.0,1.0,1.0,0.0,0.0,0.0,2.0,2.0,10.0,1.0
171,2018-10-07,2018,10,7,1.0,0.0,1.0,0.0,0.0,0.0,0.0,0.0,0.0,1.0,1.0,4.0,0.0
172,2018-10-14,2018,10,14,1.0,0.0,2.0,0.0,0.0,0.0,0.0,0.0,0.0,1.0,1.0,5.0,1.0
173,2018-10-21,2018,10,21,0.0,0.0,0.0,0.0,0.0,0.0,0.0,0.0,0.0,0.0,0.0,0.0,0.0
174,2018-10-28,2018,10,28,1.0,0.0,2.0,0.0,0.0,0.0,0.0,0.0,0.0,1.0,1.0,5.0,1.0
175,2018-11-04,2018,11,4,0.0,0.0,0.0,0.0,0.0,0.0,0.0,0.0,0.0,0.0,0.0,0.0,0.0
176,2018-11-11,2018,11,11,1.0,0.0,0.0,0.0,0.0,0.0,0.0,0.0,0.0,1.0,1.0,3.0,1.0
177,2018-11-18,2018,11,18,2.0,0.0,0.0,0.0,0.0,0.0,0.0,0.0,0.0,2.0,2.0,6.0,1.0
178,2018-11-25,2018,11,25,0.0,0.0,2.0,0.0,0.0,0.0,0.0,0.0,0.0,1.0,1.0,4.0,0.0
179,2018-12-02,2018,12,2,0.0,0.0,0.0,0.0,0.0,0.0,0.0,0.0,0.0,0.0,0.0,0.0,0.0
180,2018-12-09,2018,12,9,0.0,0.0,1.0,0.0,0.0,0.0,0.0,0.0,0.0,1.0,1.0,3.0,1.0
181,2018-12-16,2018,12,16,0.0,0.0,0.0,0.0,0.0,0.0,0.0,0.0,0.0,0.0,0.0,0.0,0.0
182,2018-12-23,2018,12,23,0.0,0.0,0.0,0.0,0.0,0.0,0.0,0.0,0.0,0.0,0.0,0.0,1.0
183,2018-12-30,2018,12,30,0.0,0.0,0.0,0.0,0.0,0.0,0.0,0.0,0.0,0.0,0.0,0.0,1.0
184,2019-01-06,2019,1,6,2.0,0.0,4.0,1.0,0.0,0.0,0.0,0.0,0.0,2.0,1.0,10.0,1.0
185,2019-01-13,2019,1,13,0.0,0.0,0.0,0.0,0.0,0.0,0.0,0.0,0.0,0.0,0.0,0.0,0.0
186,2019-01-20,2019,1,20,0.0,0.0,0.0,0.0,0.0,0.0,0.0,0.0,0.0,0.0,0.0,0.0,1.0
187,2019-01-27,2019,1,27,0.0,0.0,0.0,0.0,0.0,0.0,0.0,0.0,0.0,1.0,1.0,2.0,1.0
188,2019-02-03,2019,2,3,0.0,0.0,0.0,0.0,0.0,0.0,0.0,0.0,0.0,0.0,0.0,0.0,0.0
189,2019-02-10,2019,2,10,0.0,0.0,0.0,0.0,0.0,0.0,0.0,0.0,0.0,0.0,0.0,0.0,1.0
190,2019-02-17,2019,2,17,0.0,0.0,0.0,0.0,0.0,0.0,0.0,0.0,0.0,0.0,0.0,0.0,1.0
191,2019-02-24,2019,2,24,0.0,0.0,0.0,0.0,0.0,0.0,0.0,0.0,0.0,0.0,0.0,0.0,1.0
192,2019-03-03,2019,3,3,0.0,0.0,0.0,0.0,0.0,0.0,0.0,0.0,0.0,0.0,0.0,0.0,1.0
193,2019-03-10,2019,3,10,0.0,0.0,0.0,0.0,0.0,0.0,0.0,0.0,0.0,0.0,0.0,0.0,1.0
194,2019-03-17,2019,3,17,0.0,0.0,0.0,0.0,0.0,0.0,0.0,0.0,0.0,0.0,0.0,0.0,1.0
195,2019-03-24,2019,3,24,0.0,0.0,0.0,0.0,0.0,0.0,0.0,0.0,0.0,0.0,0.0,0.0,1.0
196,2019-03-31,2019,3,31,0.0,0.0,0.0,0.0,0.0,0.0,0.0,0.0,0.0,0.0,0.0,0.0,1.0
197,2019-04-07,2019,4,7,0.0,0.0,0.0,0.0,0.0,0.0,0.0,0.0,0.0,0.0,0.0,0.0,1.0
198,2019-04-14,2019,4,14,0.0,0.0,0.0,0.0,0.0,0.0,0.0,0.0,0.0,0.0,0.0,0.0,1.0
199,2019-04-21,2019,4,21,0.0,0.0,0.0,1.0,0.0,0.0,0.0,0.0,0.0,0.0,0.0,1.0,1.0
200,2019-04-28,2019,4,28,0.0,0.0,0.0,0.0,0.0,0.0,0.0,0.0,0.0,0.0,0.0,0.0,0.0
201,2019-05-05,2019,5,5,0.0,0.0,0.0,0.0,0.0,0.0,0.0,0.0,0.0,0.0,0.0,0.0,1.0
202,2019-05-12,2019,5,12,0.0,0.0,0.0,0.0,0.0,0.0,0.0,0.0,0.0,0.0,0.0,0.0,1.0
203,2019-05-19,2019,5,19,0.0,0.0,0.0,0.0,0.0,0.0,0.0,0.0,0.0,0.0,0.0,0.0,1.0
204,2019-05-26,2019,5,26,1.0,0.0,2.0,1.0,0.0,0.0,0.0,0.0,0.0,1.0,1.0,6.0,1.0
205,2019-06-02,2019,6,2,0.0,0.0,0.0,0.0,0.0,0.0,0.0,0.0,0.0,0.0,0.0,0.0,0.0
206,2019-06-09,2019,6,9,1.0,0.0,0.0,0.0,0.0,0.0,0.0,0.0,0.0,1.0,1.0,3.0,1.0
207,2019-06-16,2019,6,16,1.0,0.0,2.0,0.0,0.0,0.0,0.0,0.0,0.0,1.0,1.0,5.0,1.0
208,2019-06-23,2019,6,23,0.0,0.0,0.0,0.0,0.0,0.0,0.0,0.0,0.0,0.0,0.0,0.0,0.0
209,2019-06-30,2019,6,30,0.0,1.0,0.0,0.0,0.0,0.0,0.0,0.0,0.0,0.0,0.0,1.0,1.0
210,2019-07-07,2019,7,7,0.0,0.0,0.0,0.0,0.0,0.0,0.0,0.0,0.0,0.0,0.0,0.0,0.0
211,2019-07-14,2019,7,14,0.0,0.0,0.0,0.0,0.0,0.0,0.0,0.0,0.0,0.0,0.0,0.0,1.0
212,2019-07-21,2019,7,21,0.0,0.0,0.0,0.0,2.0,2.0,0.0,0.0,0.0,0.0,0.0,4.0,1.0
213,2019-07-28,2019,7,28,0.0,0.0,0.0,0.0,0.0,0.0,0.0,0.0,0.0,0.0,0.0,0.0,0.0
214,2019-08-04,2019,8,4,0.0,0.0,0.0,0.0,0.0,0.0,0.0,0.0,0.0,0.0,0.0,0.0,1.0
215,2019-08-11,2019,8,11,0.0,0.0,1.0,0.0,0.0,0.0,0.0,0.0,0.0,0.0,0.0,1.0,1.0
216,2019-08-18,2019,8,18,1.0,1.0,1.0,1.0,0.0,0.0,0.0,0.0,0.0,1.0,1.0,6.0,1.0
217,2019-08-25,2019,8,25,1.0,0.0,2.0,0.0,0.0,0.0,0.0,0.0,0.0,1.0,1.0,5.0,0.0
218,2019-09-01,2019,9,1,1.0,0.0,0.0,0.0,0.0,0.0,0.0,0.0,0.0,1.0,1.0,3.0,0.0
219,2019-09-08,2019,9,8,0.0,0.0,0.0,0.0,0.0,0.0,0.0,0.0,0.0,0.0,0.0,0.0,0.0
220,2019-09-15,2019,9,15,1.0,0.0,2.0,0.0,0.0,0.0,0.0,0.0,0.0,1.0,1.0,5.0,1.0
221,2019-09-22,2019,9,22,2.0,0.0,4.0,0.0,0.0,0.0,0.0,0.0,0.0,2.0,1.0,9.0,1.0
222,2019-09-29,2019,9,29,2.0,0.0,2.0,0.0,0.0,0.0,0.0,0.0,0.0,2.0,2.0,8.0,0.0
223,2019-10-06,2019,10,6,0.0,0.0,0.0,0.0,0.0,0.0,0.0,0.0,0.0,0.0,0.0,0.0,0.0
224,2019-10-13,2019,10,13,1.0,0.0,2.0,0.0,0.0,0.0,0.0,0.0,0.0,1.0,1.0,5.0,1.0
225,2019-10-20,2019,10,20,0.0,0.0,0.0,1.0,0.0,0.0,0.0,0.0,0.0,0.0,0.0,1.0,0.0
226,2019-10-27,2019,10,27,0.0,0.0,0.0,0.0,0.0,0.0,0.0,0.0,0.0,0.0,0.0,0.0,0.0
227,2019-11-03,2019,11,3,0.0,0.0,0.0,0.0,0.0,0.0,0.0,0.0,0.0,0.0,0.0,0.0,1.0
228,2019-11-10,2019,11,10,0.0,0.0,0.0,0.0,0.0,0.0,0.0,0.0,0.0,0.0,0.0,0.0,1.0
229,2019-11-17,2019,11,17,0.0,0.0,0.0,0.0,0.0,0.0,0.0,0.0,0.0,0.0,0.0,0.0,1.0
230,2019-11-24,2019,11,24,3.0,0.0,0.0,0.0,0.0,0.0,0.0,0.0,0.0,3.0,1.0,7.0,1.0
231,2019-12-01,2019,12,1,0.0,0.0,0.0,0.0,0.0,0.0,0.0,0.0,0.0,0.0,0.0,0.0,0.0
232,2019-12-08,2019,12,8,2.0,0.0,4.0,0.0,0.0,0.0,0.0,0.0,0.0,2.0,1.0,9.0,1.0
233,2019-12-15,2019,12,15,1.0,0.0,2.0,0.0,0.0,0.0,0.0,0.0,0.0,1.0,1.0,5.0,0.0
234,2019-12-22,2019,12,22,0.0,1.0,0.0,0.0,0.0,0.0,0.0,0.0,0.0,0.0,0.0,1.0,0.0
235,2019-12-29,2019,12,29,0.0,0.0,0.0,0.0,0.0,0.0,0.0,0.0,0.0,0.0,0.0,0.0,0.0
236,2020-01-05,2020,1,5,0.0,0.0,0.0,0.0,0.0,0.0,0.0,0.0,0.0,0.0,0.0,0.0,1.0
237,2020-01-12,2020,1,12,0.0,0.0,0.0,0.0,0.0,0.0,0.0,0.0,0.0,0.0,0.0,0.0,1.0
238,2020-01-19,2020,1,19,1.0,0.0,2.0,0.0,0.0,0.0,0.0,0.0,0.0,1.0,1.0,5.0,1.0
239,2020-01-26,2020,1,26,,,,,,,,,,0.0,0.0,0.0,0.0
240,2020-02-02,2020,2,2,,,,,,,,,,1.0,1.0,2.0,1.0
241,2020-02-09,2020,2,9,,,,,,,,,,3.0,3.0,6.0,1.0
242,2020-02-16,2020,2,16,,,,,,,,,,4.0,2.0,6.0,1.0
243,2020-02-23,2020,2,23,,,,,,,,,,1.0,1.0,2.0,0.0
244,2020-03-01,2020,3,1,,,,,,,,,,0.0,0.0,0.0,0.0
245,2020-03-08,2020,3,8,,,,,,,,,,1.0,1.0,2.0,1.0
246,2020-03-15,2020,3,15,,,,,,,,,,1.0,1.0,2.0,1.0
247,2020-03-22,2020,3,22,,,,,,,,,,0.0,0.0,0.0,0.0
248,2020-03-29,2020,3,29,,,,,,,,,,1.0,1.0,2.0,1.0
249,2020-04-05,2020,4,5,,,,,,,,,,2.0,2.0,4.0,1.0
250,2020-04-12,2020,4,12,,,,,,,,,,0.0,0.0,0.0,0.0
251,2020-04-19,2020,4,19,,,,,,,,,,0.0,0.0,0.0,1.0
252,2020-04-26,2020,4,26,,,,,,,,,,2.0,2.0,4.0,1.0
253,2015-01-04,2015,1,4,0.0,4.0,0.0,2.0,0.0,0.0,0.0,0.0,0.0,,,6.0,
254,2015-01-11,2015,1,11,9.0,1.0,17.0,5.0,16.0,9.0,0.0,0.0,0.0,,,57.0,
255,2015-01-18,2015,1,18,8.0,4.0,15.0,6.0,8.0,5.0,0.0,0.0,0.0,,,46.0,
256,2015-01-25,2015,1,25,1.0,0.0,1.0,7.0,1.0,1.0,0.0,0.0,0.0,,,11.0,
257,2015-02-01,2015,2,1,4.0,2.0,2.0,1.0,0.0,0.0,0.0,0.0,0.0,,,9.0,
258,2015-02-08,2015,2,8,7.0,1.0,4.0,3.0,3.0,3.0,0.0,0.0,0.0,,,21.0,1.0
259,2015-02-15,2015,2,15,7.0,4.0,3.0,4.0,4.0,2.0,0.0,0.0,0.0,,,24.0,1.0
260,2015-02-22,2015,2,22,6.0,0.0,4.0,2.0,4.0,3.0,0.0,0.0,0.0,,,19.0,0.0
261,2015-03-01,2015,3,1,4.0,3.0,5.0,2.0,2.0,2.0,0.0,0.0,0.0,,,18.0,1.0
262,2015-03-08,2015,3,8,11.0,1.0,6.0,3.0,4.0,3.0,0.0,0.0,0.0,,,28.0,1.0
263,2015-03-15,2015,3,15,19.0,1.0,13.0,4.0,9.0,7.0,0.0,0.0,0.0,,,53.0,1.0
264,2015-03-22,2015,3,22,2.0,1.0,4.0,1.0,5.0,4.0,0.0,0.0,0.0,,,17.0,0.0
265,2015-03-29,2015,3,29,3.0,3.0,0.0,2.0,0.0,0.0,0.0,0.0,0.0,,,8.0,0.0
266,2015-04-05,2015,4,5,0.0,5.0,1.0,2.0,3.0,3.0,0.0,0.0,0.0,,,14.0,1.0
267,2015-04-12,2015,4,12,3.0,3.0,1.0,1.0,0.0,0.0,0.0,0.0,0.0,,,8.0,0.0
268,2015-04-19,2015,4,19,0.0,2.0,0.0,4.0,0.0,0.0,0.0,0.0,0.0,,,6.0,0.0
269,2015-04-26,2015,4,26,7.0,1.0,8.0,7.0,4.0,2.0,0.0,0.0,0.0,,,29.0,1.0
270,2015-05-03,2015,5,3,3.0,1.0,0.0,5.0,0.0,0.0,0.0,0.0,0.0,,,9.0,0.0
271,2015-05-10,2015,5,10,6.0,0.0,6.0,0.0,4.0,3.0,0.0,0.0,0.0,,,19.0,1.0
272,2015-05-17,2015,5,17,3.0,3.0,1.0,4.0,1.0,1.0,0.0,0.0,0.0,,,13.0,0.0
273,2015-05-24,2015,5,24,0.0,0.0,0.0,2.0,1.0,1.0,0.0,0.0,0.0,,,4.0,0.0
274,2015-05-31,2015,5,31,0.0,2.0,1.0,3.0,3.0,3.0,0.0,0.0,0.0,,,12.0,1.0
275,2015-06-07,2015,6,7,4.0,2.0,3.0,2.0,3.0,3.0,0.0,0.0,0.0,,,17.0,1.0
276,2015-06-14,2015,6,14,5.0,2.0,3.0,2.0,0.0,0.0,0.0,0.0,0.0,,,12.0,0.0
277,2015-06-21,2015,6,21,0.0,1.0,0.0,3.0,0.0,0.0,0.0,0.0,0.0,,,4.0,0.0
278,2015-06-28,2015,6,28,0.0,1.0,1.0,2.0,2.0,2.0,0.0,0.0,0.0,,,8.0,1.0
279,2015-07-05,2015,7,5,8.0,3.0,5.0,3.0,3.0,3.0,0.0,0.0,0.0,,,25.0,1.0
280,2015-07-12,2015,7,12,0.0,1.0,0.0,5.0,0.0,0.0,0.0,0.0,0.0,,,6.0,0.0
281,2015-07-19,2015,7,19,0.0,0.0,0.0,2.0,0.0,0.0,0.0,0.0,0.0,,,2.0,0.0
282,2015-07-26,2015,7,26,0.0,0.0,0.0,1.0,0.0,0.0,0.0,0.0,0.0,,,1.0,0.0
283,2015-08-02,2015,8,2,0.0,2.0,0.0,3.0,0.0,0.0,0.0,0.0,0.0,,,5.0,1.0
284,2015-08-09,2015,8,9,0.0,5.0,5.0,2.0,3.0,1.0,0.0,0.0,0.0,,,16.0,1.0
285,2015-08-16,2015,8,16,0.0,1.0,0.0,7.0,0.0,0.0,0.0,0.0,0.0,,,8.0,0.0
286,2015-08-23,2015,8,23,0.0,2.0,0.0,5.0,1.0,1.0,0.0,0.0,0.0,,,9.0,1.0
287,2015-08-30,2015,8,30,4.0,3.0,1.0,3.0,1.0,1.0,0.0,0.0,0.0,,,13.0,1.0
288,2015-09-06,2015,9,6,1.0,2.0,2.0,4.0,1.0,1.0,0.0,0.0,0.0,,,11.0,0.0
289,2015-09-13,2015,9,13,0.0,3.0,0.0,2.0,0.0,0.0,0.0,0.0,0.0,,,5.0,0.0
290,2015-09-20,2015,9,20,0.0,3.0,0.0,4.0,0.0,0.0,0.0,0.0,0.0,,,7.0,1.0
291,2015-09-27,2015,9,27,0.0,4.0,0.0,2.0,7.0,3.0,0.0,0.0,0.0,,,16.0,1.0
292,2015-10-04,2015,10,4,0.0,1.0,0.0,8.0,0.0,0.0,0.0,0.0,0.0,,,9.0,0.0
293,2015-10-11,2015,10,11,0.0,1.0,0.0,0.0,0.0,0.0,0.0,0.0,0.0,,,1.0,0.0
294,2015-10-18,2015,10,18,0.0,4.0,1.0,2.0,1.0,1.0,0.0,0.0,0.0,,,9.0,1.0
295,2015-10-25,2015,10,25,0.0,4.0,0.0,2.0,0.0,0.0,0.0,0.0,0.0,,,6.0,0.0
296,2015-11-01,2015,11,1,0.0,1.0,0.0,2.0,0.0,0.0,0.0,0.0,0.0,,,3.0,0.0
297,2015-11-08,2015,11,8,2.0,0.0,1.0,2.0,0.0,0.0,0.0,0.0,0.0,,,5.0,1.0
298,2015-11-15,2015,11,15,0.0,1.0,0.0,1.0,0.0,0.0,0.0,0.0,0.0,,,2.0,0.0
299,2015-11-22,2015,11,22,0.0,1.0,0.0,4.0,0.0,0.0,0.0,0.0,0.0,,,5.0,1.0
300,2015-11-29,2015,11,29,4.0,0.0,0.0,2.0,0.0,0.0,0.0,0.0,0.0,,,6.0,1.0
301,2015-12-06,2015,12,6,0.0,1.0,0.0,3.0,0.0,0.0,0.0,0.0,0.0,,,4.0,0.0
302,2015-12-13,2015,12,13,0.0,1.0,1.0,2.0,0.0,0.0,0.0,0.0,0.0,,,4.0,1.0
303,2015-12-20,2015,12,20,0.0,0.0,0.0,0.0,0.0,0.0,0.0,0.0,0.0,,,0.0,0.0
304,2015-12-27,2015,12,27,0.0,3.0,0.0,1.0,0.0,0.0,0.0,0.0,0.0,,,4.0,1.0
305,2016-01-03,2016,1,3,0.0,2.0,0.0,0.0,0.0,0.0,0.0,0.0,0.0,,,2.0,0.0
306,2016-01-10,2016,1,10,0.0,2.0,0.0,3.0,0.0,0.0,0.0,0.0,0.0,13.0,1.0,19.0,1.0
307,2016-01-17,2016,1,17,0.0,0.0,0.0,1.0,0.0,0.0,0.0,0.0,0.0,2.0,2.0,5.0,0.0
308,2016-01-24,2016,1,24,0.0,1.0,0.0,2.0,0.0,0.0,0.0,0.0,0.0,0.0,0.0,3.0,0.0
309,2016-01-31,2016,1,31,0.0,2.0,0.0,1.0,0.0,0.0,0.0,0.0,0.0,0.0,0.0,3.0,1.0
310,2016-02-07,2016,2,7,0.0,0.0,1.0,1.0,0.0,0.0,0.0,0.0,0.0,7.0,2.0,11.0,1.0
311,2016-02-14,2016,2,14,0.0,0.0,0.0,1.0,0.0,0.0,0.0,0.0,0.0,15.0,2.0,18.0,1.0
312,2016-02-21,2016,2,21,0.0,1.0,0.0,0.0,0.0,0.0,0.0,0.0,0.0,16.0,1.0,18.0,1.0
313,2016-02-28,2016,2,28,0.0,1.0,0.0,1.0,0.0,0.0,0.0,0.0,0.0,4.0,1.0,7.0,0.0
314,2016-03-06,2016,3,6,0.0,2.0,0.0,0.0,0.0,0.0,0.0,0.0,0.0,30.0,2.0,34.0,1.0
315,2016-03-13,2016,3,13,0.0,0.0,0.0,0.0,0.0,0.0,0.0,0.0,0.0,9.0,1.0,10.0,0.0
316,2016-03-20,2016,3,20,15.0,0.0,20.0,1.0,15.0,4.0,0.0,0.0,0.0,8.0,1.0,64.0,1.0
317,2016-03-27,2016,3,27,0.0,0.0,0.0,2.0,0.0,0.0,0.0,0.0,0.0,6.0,1.0,9.0,0.0
318,2016-04-03,2016,4,3,0.0,0.0,0.0,1.0,0.0,0.0,0.0,0.0,0.0,19.0,1.0,21.0,1.0
319,2016-04-10,2016,4,10,0.0,2.0,1.0,0.0,0.0,0.0,0.0,0.0,0.0,22.0,1.0,26.0,1.0
320,2016-04-17,2016,4,17,6.0,0.0,3.0,4.0,2.0,2.0,0.0,0.0,0.0,5.0,1.0,23.0,0.0
321,2016-04-24,2016,4,24,0.0,0.0,1.0,0.0,0.0,0.0,0.0,0.0,0.0,12.0,2.0,15.0,0.0
322,2016-05-01,2016,5,1,5.0,0.0,5.0,1.0,3.0,3.0,0.0,0.0,0.0,28.0,2.0,47.0,1.0
323,2016-05-08,2016,5,8,0.0,0.0,0.0,0.0,0.0,0.0,0.0,0.0,0.0,9.0,1.0,10.0,0.0
324,2016-05-15,2016,5,15,0.0,1.0,0.0,3.0,1.0,1.0,0.0,0.0,0.0,6.0,1.0,13.0,1.0
325,2016-05-22,2016,5,22,2.0,0.0,1.0,1.0,1.0,1.0,0.0,0.0,0.0,6.0,1.0,13.0,1.0
326,2016-05-29,2016,5,29,0.0,0.0,0.0,1.0,0.0,0.0,0.0,0.0,0.0,1.0,1.0,3.0,0.0
327,2016-06-05,2016,6,5,0.0,1.0,0.0,1.0,0.0,0.0,0.0,0.0,0.0,13.0,1.0,16.0,1.0
328,2016-06-12,2016,6,12,0.0,0.0,0.0,0.0,0.0,0.0,0.0,0.0,0.0,1.0,1.0,2.0,0.0
329,2016-06-19,2016,6,19,0.0,0.0,0.0,0.0,0.0,0.0,0.0,0.0,0.0,1.0,1.0,2.0,1.0
330,2016-06-26,2016,6,26,0.0,0.0,0.0,1.0,0.0,0.0,0.0,0.0,0.0,6.0,1.0,8.0,1.0
331,2016-07-03,2016,7,3,0.0,0.0,0.0,1.0,0.0,0.0,0.0,0.0,0.0,9.0,1.0,11.0,1.0
332,2016-07-10,2016,7,10,0.0,0.0,0.0,1.0,0.0,0.0,0.0,0.0,0.0,7.0,1.0,9.0,0.0
333,2016-07-17,2016,7,17,0.0,1.0,0.0,3.0,0.0,0.0,0.0,0.0,0.0,44.0,1.0,49.0,1.0
334,2016-07-24,2016,7,24,0.0,1.0,0.0,1.0,0.0,0.0,0.0,0.0,0.0,2.0,1.0,5.0,0.0
335,2016-07-31,2016,7,31,0.0,1.0,2.0,3.0,1.0,1.0,0.0,0.0,0.0,5.0,1.0,14.0,1.0
336,2016-08-07,2016,8,7,0.0,0.0,0.0,3.0,0.0,0.0,0.0,0.0,0.0,21.0,1.0,25.0,1.0
337,2016-08-14,2016,8,14,0.0,2.0,0.0,2.0,0.0,0.0,0.0,0.0,0.0,1.0,1.0,6.0,0.0
338,2016-08-21,2016,8,21,0.0,1.0,0.0,1.0,0.0,0.0,0.0,0.0,0.0,1.0,1.0,4.0,0.0
339,2016-08-28,2016,8,28,0.0,0.0,0.0,0.0,0.0,0.0,0.0,0.0,0.0,0.0,0.0,0.0,0.0
340,2016-09-04,2016,9,4,0.0,1.0,0.0,2.0,0.0,0.0,0.0,0.0,0.0,22.0,2.0,27.0,1.0
341,2016-09-11,2016,9,11,0.0,1.0,0.0,1.0,0.0,0.0,0.0,0.0,0.0,26.0,2.0,30.0,1.0
342,2016-09-18,2016,9,18,0.0,0.0,0.0,0.0,0.0,0.0,0.0,0.0,0.0,37.0,2.0,39.0,1.0
343,2016-09-25,2016,9,25,0.0,0.0,0.0,3.0,0.0,0.0,0.0,0.0,0.0,50.0,2.0,55.0,1.0
344,2016-10-02,2016,10,2,0.0,2.0,0.0,1.0,0.0,0.0,0.0,0.0,0.0,6.0,2.0,11.0,0.0
345,2016-10-09,2016,10,9,0.0,0.0,0.0,1.0,0.0,0.0,0.0,0.0,0.0,0.0,0.0,1.0,0.0
346,2016-10-16,2016,10,16,0.0,1.0,0.0,1.0,0.0,0.0,0.0,0.0,0.0,2.0,1.0,5.0,1.0
347,2016-10-23,2016,10,23,0.0,0.0,0.0,0.0,0.0,0.0,0.0,0.0,0.0,12.0,2.0,14.0,1.0
348,2016-10-30,2016,10,30,0.0,0.0,0.0,0.0,0.0,0.0,0.0,0.0,0.0,10.0,1.0,11.0,0.0
349,2016-11-06,2016,11,6,0.0,0.0,0.0,0.0,0.0,0.0,0.0,0.0,0.0,0.0,0.0,0.0,0.0
350,2016-11-13,2016,11,13,0.0,0.0,0.0,0.0,0.0,0.0,0.0,0.0,0.0,1.0,1.0,2.0,1.0
351,2016-11-20,2016,11,20,0.0,1.0,0.0,0.0,0.0,0.0,0.0,0.0,0.0,3.0,1.0,5.0,1.0
352,2016-11-27,2016,11,27,0.0,0.0,0.0,2.0,0.0,0.0,0.0,0.0,0.0,13.0,1.0,16.0,1.0
353,2016-12-04,2016,12,4,0.0,0.0,0.0,0.0,0.0,0.0,0.0,0.0,0.0,23.0,2.0,25.0,1.0
354,2016-12-11,2016,12,11,0.0,0.0,0.0,1.0,0.0,0.0,0.0,0.0,0.0,12.0,1.0,14.0,0.0
355,2016-12-18,2016,12,18,0.0,0.0,0.0,1.0,0.0,0.0,0.0,0.0,0.0,29.0,2.0,32.0,1.0
356,2016-12-25,2016,12,25,0.0,1.0,0.0,1.0,0.0,0.0,0.0,0.0,0.0,9.0,1.0,12.0,0.0
357,2017-01-01,2017,1,1,0.0,0.0,0.0,4.0,0.0,0.0,0.0,0.0,0.0,0.0,0.0,4.0,0.0
358,2017-01-08,2017,1,8,0.0,0.0,0.0,0.0,0.0,0.0,0.0,0.0,0.0,2.0,1.0,3.0,1.0
359,2017-01-15,2017,1,15,0.0,0.0,0.0,0.0,0.0,0.0,0.0,0.0,0.0,19.0,1.0,20.0,1.0
360,2017-01-22,2017,1,22,0.0,0.0,0.0,1.0,0.0,0.0,0.0,0.0,0.0,6.0,1.0,8.0,0.0
361,2017-01-29,2017,1,29,0.0,0.0,0.0,0.0,0.0,0.0,0.0,0.0,0.0,7.0,1.0,8.0,1.0
362,2017-02-05,2017,2,5,0.0,0.0,0.0,0.0,0.0,0.0,0.0,0.0,0.0,21.0,1.0,22.0,1.0
363,2017-02-12,2017,2,12,0.0,0.0,0.0,0.0,0.0,0.0,0.0,0.0,0.0,23.0,1.0,24.0,1.0
364,2017-02-19,2017,2,19,0.0,1.0,0.0,1.0,0.0,0.0,0.0,0.0,0.0,6.0,1.0,9.0,0.0
365,2017-02-26,2017,2,26,0.0,0.0,0.0,1.0,0.0,0.0,0.0,0.0,0.0,0.0,0.0,1.0,0.0
366,2017-03-05,2017,3,5,0.0,0.0,0.0,2.0,0.0,0.0,0.0,0.0,0.0,7.0,1.0,10.0,1.0
367,2017-03-12,2017,3,12,0.0,2.0,0.0,2.0,0.0,0.0,0.0,0.0,0.0,33.0,1.0,38.0,1.0
368,2017-03-19,2017,3,19,0.0,0.0,0.0,0.0,0.0,0.0,0.0,0.0,0.0,22.0,1.0,23.0,0.0
369,2017-03-26,2017,3,26,0.0,0.0,0.0,0.0,0.0,0.0,0.0,0.0,0.0,5.0,1.0,6.0,0.0
370,2017-04-02,2017,4,2,0.0,0.0,0.0,2.0,0.0,0.0,0.0,0.0,0.0,27.0,2.0,31.0,1.0
371,2017-04-09,2017,4,9,0.0,0.0,0.0,0.0,0.0,0.0,0.0,0.0,0.0,14.0,2.0,16.0,0.0
372,2017-04-16,2017,4,16,0.0,0.0,0.0,0.0,0.0,0.0,0.0,0.0,0.0,1.0,1.0,2.0,0.0
373,2017-04-23,2017,4,23,0.0,0.0,0.0,2.0,0.0,0.0,0.0,0.0,0.0,3.0,1.0,6.0,1.0
374,2017-04-30,2017,4,30,0.0,1.0,0.0,1.0,0.0,0.0,0.0,0.0,0.0,16.0,1.0,19.0,1.0
375,2017-05-07,2017,5,7,0.0,0.0,0.0,0.0,0.0,0.0,0.0,0.0,0.0,5.0,1.0,6.0,0.0
376,2017-05-14,2017,5,14,0.0,0.0,0.0,0.0,0.0,0.0,0.0,0.0,0.0,15.0,1.0,16.0,1.0
377,2017-05-21,2017,5,21,0.0,0.0,0.0,2.0,0.0,0.0,0.0,0.0,0.0,2.0,1.0,5.0,0.0
378,2017-05-28,2017,5,28,0.0,0.0,0.0,1.0,0.0,0.0,0.0,0.0,0.0,4.0,1.0,6.0,1.0
379,2017-06-04,2017,6,4,0.0,0.0,0.0,1.0,0.0,0.0,0.0,0.0,0.0,1.0,1.0,3.0,0.0
380,2017-06-11,2017,6,11,0.0,0.0,0.0,0.0,0.0,0.0,0.0,0.0,0.0,0.0,0.0,0.0,0.0
381,2017-06-18,2017,6,18,0.0,0.0,0.0,1.0,0.0,0.0,0.0,0.0,0.0,0.0,0.0,1.0,1.0
382,2017-06-25,2017,6,25,0.0,0.0,0.0,0.0,0.0,0.0,0.0,0.0,0.0,1.0,1.0,2.0,1.0
383,2017-07-02,2017,7,2,0.0,1.0,0.0,0.0,0.0,0.0,0.0,0.0,0.0,0.0,0.0,1.0,0.0
384,2017-07-09,2017,7,9,0.0,0.0,0.0,0.0,0.0,0.0,0.0,0.0,0.0,2.0,2.0,4.0,1.0
385,2017-07-16,2017,7,16,0.0,1.0,0.0,1.0,0.0,0.0,0.0,0.0,0.0,17.0,1.0,20.0,1.0
386,2017-07-23,2017,7,23,0.0,0.0,0.0,0.0,0.0,0.0,0.0,0.0,0.0,0.0,0.0,0.0,0.0
387,2017-07-30,2017,7,30,0.0,1.0,0.0,3.0,0.0,0.0,0.0,0.0,0.0,18.0,1.0,23.0,1.0
388,2017-08-06,2017,8,6,0.0,0.0,0.0,0.0,0.0,0.0,0.0,0.0,0.0,11.0,1.0,12.0,0.0
389,2017-08-13,2017,8,13,0.0,1.0,0.0,0.0,0.0,0.0,0.0,0.0,0.0,12.0,1.0,14.0,1.0
390,2017-08-20,2017,8,20,0.0,1.0,0.0,1.0,0.0,0.0,0.0,0.0,0.0,8.0,1.0,11.0,0.0
391,2017-08-27,2017,8,27,0.0,0.0,0.0,1.0,0.0,0.0,0.0,0.0,0.0,0.0,0.0,1.0,0.0
392,2017-09-03,2017,9,3,7.0,0.0,4.0,1.0,3.0,2.0,0.0,0.0,0.0,14.0,2.0,33.0,1.0
393,2017-09-10,2017,9,10,5.0,1.0,4.0,0.0,1.0,1.0,0.0,0.0,0.0,20.0,1.0,33.0,1.0
394,2017-09-17,2017,9,17,0.0,0.0,0.0,0.0,0.0,0.0,0.0,0.0,0.0,18.0,1.0,19.0,0.0
395,2017-09-24,2017,9,24,0.0,0.0,0.0,0.0,0.0,0.0,0.0,0.0,0.0,7.0,1.0,8.0,0.0
396,2017-10-01,2017,10,1,0.0,1.0,0.0,0.0,0.0,0.0,0.0,0.0,0.0,1.0,1.0,3.0,0.0
397,2017-10-08,2017,10,8,0.0,0.0,0.0,0.0,0.0,0.0,0.0,0.0,0.0,0.0,0.0,0.0,0.0
398,2017-10-15,2017,10,15,0.0,1.0,0.0,0.0,0.0,0.0,0.0,0.0,0.0,1.0,1.0,3.0,1.0
399,2017-10-22,2017,10,22,0.0,0.0,0.0,2.0,0.0,0.0,0.0,0.0,0.0,3.0,1.0,6.0,1.0
400,2017-10-29,2017,10,29,0.0,0.0,0.0,0.0,0.0,0.0,0.0,0.0,0.0,6.0,2.0,8.0,1.0
401,2017-11-05,2017,11,5,0.0,0.0,0.0,1.0,0.0,0.0,0.0,0.0,0.0,3.0,1.0,5.0,0.0
402,2017-11-12,2017,11,12,0.0,0.0,0.0,2.0,0.0,0.0,0.0,0.0,0.0,1.0,1.0,4.0,0.0
403,2017-11-19,2017,11,19,0.0,0.0,0.0,3.0,0.0,0.0,0.0,0.0,0.0,4.0,1.0,8.0,1.0
404,2017-11-26,2017,11,26,0.0,0.0,0.0,1.0,0.0,0.0,0.0,0.0,0.0,22.0,2.0,25.0,1.0
405,2017-12-03,2017,12,3,0.0,0.0,0.0,1.0,0.0,0.0,0.0,0.0,0.0,28.0,2.0,31.0,1.0
406,2017-12-10,2017,12,10,0.0,0.0,0.0,0.0,0.0,0.0,0.0,0.0,0.0,15.0,3.0,18.0,0.0
407,2017-12-17,2017,12,17,0.0,0.0,0.0,0.0,0.0,0.0,0.0,0.0,0.0,35.0,2.0,37.0,1.0
408,2017-12-24,2017,12,24,0.0,0.0,0.0,0.0,0.0,0.0,0.0,0.0,0.0,28.0,2.0,30.0,0.0
409,2017-12-31,2017,12,31,0.0,0.0,0.0,0.0,0.0,0.0,0.0,0.0,0.0,0.0,0.0,0.0,0.0
410,2018-01-07,2018,1,7,0.0,0.0,0.0,0.0,0.0,0.0,0.0,0.0,0.0,21.0,2.0,23.0,1.0
411,2018-01-14,2018,1,14,0.0,0.0,0.0,0.0,0.0,0.0,0.0,0.0,0.0,23.0,2.0,25.0,1.0
412,2018-01-21,2018,1,21,0.0,0.0,0.0,0.0,0.0,0.0,0.0,0.0,0.0,8.0,1.0,9.0,0.0
413,2018-01-28,2018,1,28,0.0,0.0,0.0,0.0,0.0,0.0,0.0,0.0,0.0,30.0,3.0,33.0,1.0
414,2018-02-04,2018,2,4,0.0,1.0,0.0,1.0,0.0,0.0,0.0,0.0,0.0,8.0,2.0,12.0,0.0
415,2018-02-11,2018,2,11,0.0,0.0,0.0,0.0,0.0,0.0,0.0,0.0,0.0,18.0,3.0,21.0,1.0
416,2018-02-18,2018,2,18,0.0,0.0,0.0,0.0,0.0,0.0,0.0,0.0,0.0,4.0,1.0,5.0,0.0
417,2018-02-25,2018,2,25,0.0,0.0,0.0,0.0,0.0,0.0,0.0,0.0,0.0,16.0,2.0,18.0,1.0
418,2018-03-04,2018,3,4,0.0,0.0,0.0,1.0,0.0,0.0,0.0,0.0,0.0,14.0,3.0,18.0,1.0
419,2018-03-11,2018,3,11,0.0,0.0,0.0,0.0,0.0,0.0,0.0,0.0,0.0,9.0,2.0,11.0,0.0
420,2018-03-18,2018,3,18,0.0,0.0,0.0,0.0,0.0,0.0,0.0,0.0,0.0,8.0,1.0,9.0,0.0
421,2018-03-25,2018,3,25,0.0,0.0,0.0,1.0,0.0,0.0,0.0,0.0,0.0,8.0,2.0,11.0,1.0
422,2018-04-01,2018,4,1,0.0,1.0,0.0,1.0,0.0,0.0,0.0,0.0,0.0,4.0,1.0,7.0,0.0
423,2018-04-08,2018,4,8,0.0,0.0,0.0,1.0,0.0,0.0,0.0,0.0,0.0,0.0,0.0,1.0,0.0
424,2018-04-15,2018,4,15,0.0,0.0,0.0,1.0,0.0,0.0,0.0,0.0,0.0,15.0,3.0,19.0,1.0
425,2018-04-22,2018,4,22,0.0,0.0,0.0,0.0,0.0,0.0,0.0,0.0,0.0,50.0,3.0,53.0,1.0
426,2018-04-29,2018,4,29,0.0,0.0,0.0,1.0,0.0,0.0,0.0,0.0,0.0,18.0,3.0,22.0,0.0
427,2018-05-06,2018,5,6,0.0,0.0,0.0,0.0,0.0,0.0,0.0,0.0,0.0,38.0,2.0,40.0,1.0
428,2018-05-13,2018,5,13,0.0,0.0,0.0,0.0,0.0,0.0,0.0,0.0,0.0,5.0,1.0,6.0,0.0
429,2018-05-20,2018,5,20,0.0,0.0,0.0,0.0,0.0,0.0,0.0,0.0,0.0,30.0,2.0,32.0,1.0
430,2018-05-27,2018,5,27,0.0,0.0,0.0,0.0,0.0,0.0,0.0,0.0,0.0,18.0,1.0,19.0,0.0
431,2018-06-03,2018,6,3,0.0,0.0,0.0,1.0,0.0,0.0,0.0,0.0,0.0,5.0,1.0,7.0,0.0
432,2018-06-10,2018,6,10,0.0,0.0,0.0,0.0,0.0,0.0,0.0,0.0,0.0,10.0,1.0,11.0,1.0
433,2018-06-17,2018,6,17,0.0,0.0,0.0,0.0,0.0,0.0,0.0,0.0,0.0,2.0,1.0,3.0,0.0
434,2018-06-24,2018,6,24,0.0,0.0,0.0,0.0,0.0,0.0,0.0,0.0,0.0,23.0,2.0,25.0,1.0
435,2018-07-01,2018,7,1,0.0,0.0,0.0,0.0,0.0,0.0,0.0,0.0,0.0,19.0,2.0,21.0,0.0
436,2018-07-08,2018,7,8,0.0,0.0,0.0,1.0,0.0,0.0,0.0,0.0,0.0,8.0,2.0,11.0,0.0
437,2018-07-15,2018,7,15,0.0,0.0,0.0,2.0,0.0,0.0,0.0,0.0,0.0,3.0,1.0,6.0,0.0
438,2018-07-22,2018,7,22,0.0,0.0,0.0,0.0,0.0,0.0,0.0,0.0,0.0,32.0,3.0,35.0,1.0
439,2018-07-29,2018,7,29,0.0,0.0,0.0,0.0,0.0,0.0,0.0,0.0,0.0,18.0,2.0,20.0,0.0
440,2018-08-05,2018,8,5,0.0,0.0,0.0,1.0,0.0,0.0,0.0,0.0,0.0,18.0,2.0,21.0,1.0
441,2018-08-12,2018,8,12,0.0,0.0,0.0,0.0,0.0,0.0,0.0,0.0,0.0,9.0,1.0,10.0,0.0
442,2018-08-19,2018,8,19,0.0,0.0,0.0,0.0,0.0,0.0,0.0,0.0,0.0,3.0,1.0,4.0,0.0
443,2018-08-26,2018,8,26,0.0,1.0,0.0,1.0,0.0,0.0,0.0,0.0,0.0,3.0,2.0,7.0,1.0
444,2018-09-02,2018,9,2,0.0,0.0,0.0,0.0,0.0,0.0,0.0,0.0,0.0,18.0,1.0,19.0,1.0
445,2018-09-09,2018,9,9,0.0,0.0,0.0,2.0,0.0,0.0,0.0,0.0,0.0,10.0,1.0,13.0,0.0
446,2018-09-16,2018,9,16,0.0,0.0,0.0,0.0,0.0,0.0,0.0,0.0,0.0,0.0,0.0,0.0,0.0
447,2018-09-23,2018,9,23,0.0,0.0,0.0,0.0,0.0,0.0,0.0,0.0,0.0,13.0,2.0,15.0,1.0
448,2018-09-30,2018,9,30,0.0,0.0,0.0,0.0,0.0,0.0,0.0,0.0,0.0,0.0,0.0,0.0,0.0
449,2018-10-07,2018,10,7,0.0,0.0,0.0,0.0,0.0,0.0,0.0,0.0,0.0,5.0,1.0,6.0,1.0
450,2018-10-14,2018,10,14,0.0,0.0,0.0,1.0,0.0,0.0,0.0,0.0,0.0,3.0,1.0,5.0,0.0
451,2018-10-21,2018,10,21,0.0,0.0,0.0,0.0,0.0,0.0,0.0,0.0,0.0,4.0,1.0,5.0,1.0
452,2018-10-28,2018,10,28,0.0,0.0,0.0,0.0,0.0,0.0,0.0,0.0,0.0,0.0,0.0,0.0,0.0
453,2018-11-04,2018,11,4,0.0,0.0,0.0,1.0,0.0,0.0,0.0,0.0,0.0,0.0,0.0,1.0,1.0
454,2018-11-11,2018,11,11,0.0,0.0,0.0,3.0,0.0,0.0,0.0,0.0,0.0,0.0,0.0,3.0,1.0
455,2018-11-18,2018,11,18,0.0,0.0,0.0,0.0,0.0,0.0,0.0,0.0,0.0,0.0,0.0,0.0,0.0
456,2018-11-25,2018,11,25,0.0,0.0,0.0,0.0,0.0,0.0,0.0,0.0,0.0,0.0,0.0,0.0,1.0
457,2018-12-02,2018,12,2,0.0,0.0,0.0,1.0,0.0,0.0,0.0,0.0,0.0,0.0,0.0,1.0,1.0
458,2018-12-09,2018,12,9,0.0,0.0,0.0,1.0,0.0,0.0,0.0,0.0,0.0,2.0,1.0,4.0,1.0
459,2018-12-16,2018,12,16,0.0,1.0,0.0,0.0,0.0,0.0,0.0,0.0,0.0,0.0,0.0,1.0,0.0
460,2018-12-23,2018,12,23,0.0,0.0,0.0,0.0,0.0,0.0,0.0,0.0,0.0,2.0,1.0,3.0,1.0
461,2018-12-30,2018,12,30,0.0,0.0,0.0,0.0,0.0,0.0,0.0,0.0,0.0,0.0,0.0,0.0,0.0
462,2019-01-06,2019,1,6,0.0,0.0,0.0,0.0,0.0,0.0,0.0,0.0,0.0,0.0,0.0,0.0,1.0
463,2019-01-13,2019,1,13,0.0,0.0,0.0,0.0,0.0,0.0,0.0,0.0,0.0,0.0,0.0,0.0,1.0
464,2019-01-20,2019,1,20,0.0,0.0,0.0,0.0,0.0,0.0,0.0,0.0,0.0,0.0,0.0,0.0,1.0
465,2019-01-27,2019,1,27,0.0,0.0,0.0,0.0,0.0,0.0,0.0,0.0,0.0,0.0,0.0,0.0,1.0
466,2019-02-03,2019,2,3,0.0,0.0,0.0,1.0,0.0,0.0,0.0,0.0,0.0,6.0,2.0,9.0,1.0
467,2019-02-10,2019,2,10,0.0,0.0,0.0,0.0,0.0,0.0,0.0,0.0,0.0,0.0,0.0,0.0,0.0
468,2019-02-17,2019,2,17,0.0,1.0,0.0,0.0,0.0,0.0,0.0,0.0,0.0,33.0,1.0,35.0,1.0
469,2019-02-24,2019,2,24,0.0,0.0,0.0,0.0,0.0,0.0,0.0,0.0,0.0,11.0,1.0,12.0,0.0
470,2019-03-03,2019,3,3,0.0,0.0,0.0,0.0,0.0,0.0,0.0,0.0,0.0,25.0,2.0,27.0,1.0
471,2019-03-10,2019,3,10,0.0,0.0,0.0,0.0,0.0,0.0,0.0,0.0,0.0,0.0,0.0,0.0,0.0
472,2019-03-17,2019,3,17,0.0,0.0,0.0,0.0,0.0,0.0,0.0,0.0,0.0,0.0,0.0,0.0,1.0
473,2019-03-24,2019,3,24,0.0,0.0,0.0,0.0,0.0,0.0,0.0,0.0,0.0,0.0,0.0,0.0,1.0
474,2019-03-31,2019,3,31,0.0,0.0,0.0,0.0,0.0,0.0,0.0,0.0,0.0,0.0,0.0,0.0,1.0
475,2019-04-07,2019,4,7,0.0,0.0,0.0,1.0,0.0,0.0,0.0,0.0,0.0,0.0,0.0,1.0,1.0
476,2019-04-14,2019,4,14,0.0,0.0,0.0,0.0,0.0,0.0,0.0,0.0,0.0,0.0,0.0,0.0,0.0
477,2019-04-21,2019,4,21,0.0,0.0,0.0,0.0,0.0,0.0,0.0,0.0,0.0,0.0,0.0,0.0,1.0
478,2019-04-28,2019,4,28,0.0,1.0,0.0,0.0,0.0,0.0,0.0,0.0,0.0,0.0,0.0,1.0,1.0
479,2019-05-05,2019,5,5,0.0,0.0,0.0,0.0,0.0,0.0,0.0,0.0,0.0,8.0,1.0,9.0,1.0
480,2019-05-12,2019,5,12,0.0,0.0,0.0,1.0,0.0,0.0,0.0,0.0,0.0,3.0,2.0,6.0,0.0
481,2019-05-19,2019,5,19,0.0,2.0,0.0,2.0,0.0,0.0,0.0,0.0,0.0,5.0,2.0,11.0,1.0
482,2019-05-26,2019,5,26,0.0,0.0,0.0,0.0,0.0,0.0,0.0,0.0,0.0,0.0,0.0,0.0,0.0
483,2019-06-02,2019,6,2,0.0,0.0,0.0,0.0,0.0,0.0,0.0,0.0,0.0,10.0,2.0,12.0,1.0
484,2019-06-09,2019,6,9,0.0,0.0,0.0,1.0,0.0,0.0,0.0,0.0,0.0,19.0,2.0,22.0,1.0
485,2019-06-16,2019,6,16,0.0,0.0,0.0,0.0,0.0,0.0,0.0,0.0,0.0,3.0,1.0,4.0,0.0
486,2019-06-23,2019,6,23,0.0,0.0,0.0,0.0,0.0,0.0,0.0,0.0,0.0,0.0,0.0,0.0,0.0
487,2019-06-30,2019,6,30,0.0,0.0,0.0,0.0,0.0,0.0,0.0,0.0,0.0,0.0,0.0,0.0,1.0
488,2019-07-07,2019,7,7,0.0,1.0,0.0,0.0,0.0,0.0,0.0,0.0,0.0,0.0,0.0,1.0,1.0
489,2019-07-14,2019,7,14,0.0,1.0,0.0,0.0,0.0,0.0,0.0,0.0,0.0,0.0,0.0,1.0,1.0
490,2019-07-21,2019,7,21,0.0,0.0,0.0,0.0,0.0,0.0,0.0,0.0,0.0,4.0,2.0,6.0,1.0
491,2019-07-28,2019,7,28,0.0,0.0,0.0,1.0,0.0,0.0,0.0,0.0,0.0,7.0,1.0,9.0,1.0
492,2019-08-04,2019,8,4,0.0,0.0,0.0,0.0,0.0,0.0,0.0,0.0,0.0,8.0,2.0,10.0,1.0
493,2019-08-11,2019,8,11,0.0,0.0,0.0,2.0,0.0,0.0,0.0,0.0,0.0,2.0,2.0,6.0,0.0
494,2019-08-18,2019,8,18,0.0,0.0,0.0,1.0,0.0,0.0,0.0,0.0,0.0,4.0,1.0,6.0,1.0
495,2019-08-25,2019,8,25,0.0,0.0,0.0,0.0,0.0,0.0,0.0,0.0,0.0,18.0,2.0,20.0,1.0
496,2019-09-01,2019,9,1,0.0,1.0,0.0,2.0,0.0,0.0,0.0,0.0,0.0,16.0,2.0,21.0,1.0
497,2019-09-08,2019,9,8,0.0,0.0,0.0,1.0,0.0,0.0,0.0,0.0,0.0,14.0,1.0,16.0,0.0
498,2019-09-15,2019,9,15,0.0,0.0,0.0,0.0,0.0,0.0,0.0,0.0,0.0,7.0,3.0,10.0,0.0
499,2019-09-22,2019,9,22,0.0,0.0,0.0,0.0,0.0,0.0,0.0,0.0,0.0,0.0,0.0,0.0,0.0
500,2019-09-29,2019,9,29,0.0,0.0,0.0,0.0,0.0,0.0,0.0,0.0,0.0,4.0,1.0,5.0,1.0
501,2019-10-06,2019,10,6,0.0,0.0,0.0,0.0,0.0,0.0,0.0,0.0,0.0,4.0,2.0,6.0,1.0
502,2019-10-13,2019,10,13,0.0,0.0,0.0,0.0,0.0,0.0,0.0,0.0,0.0,1.0,1.0,2.0,0.0
503,2019-10-20,2019,10,20,0.0,0.0,0.0,0.0,0.0,0.0,0.0,0.0,0.0,20.0,1.0,21.0,1.0
504,2019-10-27,2019,10,27,0.0,0.0,0.0,0.0,0.0,0.0,0.0,0.0,0.0,18.0,2.0,20.0,0.0
505,2019-11-03,2019,11,3,0.0,0.0,0.0,0.0,0.0,0.0,0.0,0.0,0.0,21.0,1.0,22.0,1.0
506,2019-11-10,2019,11,10,0.0,0.0,0.0,0.0,0.0,0.0,0.0,0.0,0.0,11.0,1.0,12.0,0.0
507,2019-11-17,2019,11,17,0.0,1.0,0.0,1.0,0.0,0.0,0.0,0.0,0.0,11.0,2.0,15.0,1.0
508,2019-11-24,2019,11,24,0.0,0.0,0.0,0.0,0.0,0.0,0.0,0.0,0.0,0.0,0.0,0.0,0.0
509,2019-12-01,2019,12,1,0.0,0.0,0.0,0.0,0.0,0.0,0.0,0.0,0.0,3.0,1.0,4.0,1.0
510,2019-12-08,2019,12,8,0.0,0.0,0.0,0.0,0.0,0.0,0.0,0.0,0.0,17.0,2.0,19.0,1.0
511,2019-12-15,2019,12,15,0.0,0.0,0.0,0.0,0.0,0.0,0.0,0.0,0.0,0.0,0.0,0.0,0.0
512,2019-12-22,2019,12,22,0.0,1.0,0.0,0.0,0.0,0.0,0.0,0.0,0.0,16.0,3.0,20.0,1.0
513,2019-12-29,2019,12,29,,,,,,,,,,3.0,2.0,5.0,0.0
514,2020-01-05,2020,1,5,,,,,,,,,,0.0,0.0,0.0,0.0
515,2020-01-12,2020,1,12,,,,,,,,,,5.0,2.0,7.0,1.0
516,2020-01-19,2020,1,19,,,,,,,,,,9.0,2.0,11.0,1.0
517,2020-01-26,2020,1,26,,,,,,,,,,18.0,2.0,20.0,1.0
518,2020-02-02,2020,2,2,,,,,,,,,,13.0,2.0,15.0,0.0
519,2020-02-09,2020,2,9,,,,,,,,,,19.0,1.0,20.0,1.0
520,2020-02-16,2020,2,16,,,,,,,,,,21.0,1.0,22.0,1.0
521,2020-02-23,2020,2,23,,,,,,,,,,0.0,0.0,0.0,0.0
522,2020-03-01,2020,3,1,,,,,,,,,,9.0,1.0,10.0,1.0
523,2020-03-08,2020,3,8,,,,,,,,,,4.0,3.0,7.0,0.0
524,2020-03-15,2020,3,15,,,,,,,,,,11.0,1.0,12.0,1.0
525,2020-03-22,2020,3,22,,,,,,,,,,3.0,1.0,4.0,0.0
526,2020-03-29,2020,3,29,,,,,,,,,,6.0,1.0,7.0,1.0
527,2020-04-05,2020,4,5,,,,,,,,,,5.0,1.0,6.0,0.0
528,2020-04-12,2020,4,12,,,,,,,,,,0.0,0.0,0.0,0.0
529,2020-04-19,2020,4,19,,,,,,,,,,6.0,2.0,8.0,1.0
530,2020-04-26,2020,4,26,,,,,,,,,,1.0,1.0,2.0,0.0
531,2020-05-03,2020,5,3,,,,,,,,,,1.0,1.0,2.0,1.0
532,2020-05-10,2020,5,10,,,,,,,,,,0.0,0.0,0.0,0.0
533,2020-05-17,2020,5,17,,,,,,,,,,20.0,2.0,22.0,1.0
534,2020-05-24,2020,5,24,,,,,,,,,,13.0,2.0,15.0,0.0
535,2020-05-31,2020,5,31,,,,,,,,,,14.0,2.0,16.0,1.0
536,2020-06-07,2020,6,7,,,,,,,,,,3.0,2.0,5.0,0.0
537,2020-06-14,2020,6,14,,,,,,,,,,10.0,1.0,11.0,1.0
538,2020-06-21,2020,6,21,,,,,,,,,,0.0,0.0,0.0,0.0
539,2020-06-28,2020,6,28,,,,,,,,,,0.0,0.0,0.0,1.0
540,2020-07-05,2020,7,5,,,,,,,,,,7.0,1.0,8.0,1.0
541,2020-07-12,2020,7,12,,,,,,,,,,14.0,2.0,16.0,1.0
542,2020-07-19,2020,7,19,,,,,,,,,,8.0,1.0,9.0,0.0
543,2020-07-26,2020,7,26,,,,,,,,,,2.0,1.0,3.0,0.0
544,2020-08-02,2020,8,2,,,,,,,,,,11.0,3.0,14.0,1.0
545,2020-08-09,2020,8,9,,,,,,,,,,0.0,0.0,0.0,0.0
546,2020-08-16,2020,8,16,,,,,,,,,,0.0,0.0,0.0,1.0
547,2020-08-23,2020,8,23,,,,,,,,,,0.0,0.0,0.0,1.0
548,2020-08-30,2020,8,30,,,,,,,,,,0.0,0.0,0.0,1.0
549,2020-09-06,2020,9,6,,,,,,,,,,0.0,0.0,0.0,1.0
550,2020-09-13,2020,9,13,,,,,,,,,,0.0,0.0,0.0,1.0
551,2020-09-20,2020,9,20,,,,,,,,,,2.0,1.0,3.0,1.0
552,2020-09-27,2020,9,27,,,,,,,,,,0.0,0.0,0.0,0.0
553,2020-10-04,2020,10,4,,,,,,,,,,1.0,1.0,2.0,1.0
554,2020-10-11,2020,10,11,,,,,,,,,,4.0,1.0,5.0,1.0
555,2015-03-01,2015,3,1,8.0,0.0,0.0,0.0,0.0,0.0,0.0,0.0,0.0,,,8.0,
556,2015-03-08,2015,3,8,3.0,0.0,0.0,0.0,0.0,0.0,0.0,0.0,0.0,,,3.0,
557,2015-03-15,2015,3,15,0.0,0.0,0.0,0.0,0.0,0.0,0.0,0.0,0.0,,,0.0,
558,2015-03-22,2015,3,22,0.0,0.0,0.0,0.0,0.0,0.0,0.0,0.0,0.0,,,0.0,
559,2015-03-29,2015,3,29,1.0,0.0,0.0,0.0,0.0,0.0,0.0,0.0,0.0,,,1.0,
560,2015-04-05,2015,4,5,0.0,0.0,0.0,0.0,0.0,0.0,0.0,0.0,0.0,,,0.0,0.0
561,2015-04-12,2015,4,12,0.0,0.0,0.0,0.0,0.0,0.0,0.0,0.0,0.0,,,0.0,1.0
562,2015-04-19,2015,4,19,0.0,0.0,0.0,0.0,0.0,0.0,0.0,0.0,0.0,,,0.0,1.0
563,2015-04-26,2015,4,26,0.0,0.0,0.0,0.0,0.0,0.0,0.0,0.0,0.0,,,0.0,1.0
564,2015-05-03,2015,5,3,0.0,0.0,0.0,0.0,0.0,0.0,0.0,0.0,0.0,,,0.0,1.0
565,2015-05-10,2015,5,10,0.0,0.0,0.0,0.0,0.0,0.0,0.0,0.0,0.0,,,0.0,1.0
566,2015-05-17,2015,5,17,0.0,0.0,0.0,0.0,0.0,0.0,0.0,0.0,0.0,,,0.0,1.0
567,2015-05-24,2015,5,24,0.0,0.0,0.0,0.0,0.0,0.0,0.0,0.0,0.0,,,0.0,1.0
568,2015-05-31,2015,5,31,0.0,0.0,0.0,0.0,0.0,0.0,0.0,0.0,0.0,,,0.0,1.0
569,2015-06-07,2015,6,7,0.0,0.0,0.0,0.0,0.0,0.0,0.0,0.0,0.0,,,0.0,1.0
570,2015-06-14,2015,6,14,0.0,0.0,0.0,0.0,0.0,0.0,0.0,0.0,0.0,,,0.0,1.0
571,2015-06-21,2015,6,21,0.0,0.0,0.0,0.0,0.0,0.0,0.0,0.0,0.0,,,0.0,1.0
572,2015-06-28,2015,6,28,0.0,0.0,0.0,0.0,0.0,0.0,0.0,0.0,0.0,,,0.0,1.0
573,2015-07-05,2015,7,5,0.0,0.0,0.0,0.0,0.0,0.0,0.0,0.0,0.0,,,0.0,1.0
574,2015-07-12,2015,7,12,0.0,0.0,0.0,0.0,0.0,0.0,0.0,0.0,0.0,,,0.0,1.0
575,2015-07-19,2015,7,19,0.0,0.0,0.0,0.0,0.0,0.0,0.0,0.0,0.0,,,0.0,1.0
576,2015-07-26,2015,7,26,0.0,0.0,0.0,0.0,0.0,0.0,0.0,0.0,0.0,,,0.0,1.0
577,2015-08-02,2015,8,2,0.0,0.0,0.0,0.0,0.0,0.0,0.0,0.0,0.0,,,0.0,1.0
578,2015-08-09,2015,8,9,0.0,0.0,0.0,0.0,0.0,0.0,0.0,0.0,0.0,,,0.0,1.0
579,2015-08-16,2015,8,16,0.0,0.0,0.0,0.0,0.0,0.0,0.0,0.0,0.0,,,0.0,1.0
580,2015-08-23,2015,8,23,0.0,0.0,0.0,0.0,0.0,0.0,0.0,0.0,0.0,,,0.0,1.0
581,2015-08-30,2015,8,30,0.0,0.0,0.0,0.0,0.0,0.0,0.0,0.0,0.0,,,0.0,1.0
582,2015-09-06,2015,9,6,0.0,0.0,0.0,0.0,0.0,0.0,0.0,0.0,0.0,,,0.0,1.0
583,2015-09-13,2015,9,13,0.0,0.0,0.0,0.0,0.0,0.0,0.0,0.0,0.0,,,0.0,1.0
584,2015-09-20,2015,9,20,0.0,0.0,0.0,0.0,0.0,0.0,0.0,0.0,0.0,,,0.0,1.0
585,2015-09-27,2015,9,27,0.0,0.0,0.0,0.0,0.0,0.0,0.0,0.0,0.0,,,0.0,1.0
586,2015-10-04,2015,10,4,0.0,0.0,0.0,0.0,0.0,0.0,0.0,0.0,0.0,,,0.0,1.0
587,2015-10-11,2015,10,11,0.0,0.0,0.0,0.0,0.0,0.0,0.0,0.0,0.0,,,0.0,1.0
588,2015-10-18,2015,10,18,0.0,0.0,0.0,0.0,0.0,0.0,0.0,0.0,0.0,,,0.0,1.0
589,2015-10-25,2015,10,25,0.0,0.0,0.0,0.0,0.0,0.0,0.0,0.0,0.0,,,0.0,1.0
590,2015-11-01,2015,11,1,0.0,0.0,0.0,0.0,0.0,0.0,0.0,0.0,0.0,,,0.0,1.0
591,2015-11-08,2015,11,8,0.0,0.0,0.0,0.0,0.0,0.0,0.0,0.0,0.0,,,0.0,1.0
592,2015-11-15,2015,11,15,0.0,0.0,0.0,1.0,0.0,0.0,0.0,0.0,0.0,,,1.0,1.0
593,2015-11-22,2015,11,22,0.0,0.0,0.0,0.0,0.0,0.0,0.0,0.0,0.0,,,0.0,0.0
594,2015-11-29,2015,11,29,0.0,0.0,0.0,0.0,0.0,0.0,0.0,0.0,0.0,,,0.0,1.0
595,2015-12-06,2015,12,6,0.0,0.0,0.0,0.0,0.0,0.0,0.0,0.0,0.0,,,0.0,1.0
596,2015-12-13,2015,12,13,0.0,0.0,0.0,0.0,0.0,0.0,0.0,0.0,0.0,,,0.0,1.0
597,2015-12-20,2015,12,20,0.0,0.0,0.0,0.0,0.0,0.0,0.0,0.0,0.0,,,0.0,1.0
598,2015-12-27,2015,12,27,0.0,0.0,0.0,0.0,0.0,0.0,0.0,0.0,0.0,,,0.0,1.0
599,2016-01-03,2016,1,3,0.0,0.0,0.0,0.0,0.0,0.0,0.0,0.0,0.0,,,0.0,1.0
600,2016-01-10,2016,1,10,0.0,0.0,0.0,0.0,0.0,0.0,0.0,0.0,0.0,,,0.0,1.0
601,2016-01-17,2016,1,17,0.0,0.0,0.0,0.0,0.0,0.0,0.0,0.0,0.0,,,0.0,1.0
602,2016-01-24,2016,1,24,0.0,0.0,0.0,0.0,0.0,0.0,0.0,0.0,0.0,,,0.0,1.0
603,2016-01-31,2016,1,31,0.0,0.0,0.0,0.0,0.0,0.0,0.0,0.0,0.0,,,0.0,1.0
604,2016-02-07,2016,2,7,0.0,0.0,0.0,0.0,0.0,0.0,0.0,0.0,0.0,,,0.0,1.0
605,2016-02-14,2016,2,14,0.0,0.0,0.0,0.0,0.0,0.0,0.0,0.0,0.0,,,0.0,1.0
606,2016-02-21,2016,2,21,0.0,0.0,0.0,0.0,0.0,0.0,0.0,0.0,0.0,,,0.0,1.0
607,2016-02-28,2016,2,28,0.0,0.0,0.0,0.0,0.0,0.0,0.0,0.0,0.0,,,0.0,1.0
608,2016-03-06,2016,3,6,0.0,0.0,0.0,0.0,0.0,0.0,0.0,0.0,0.0,,,0.0,1.0
609,2016-03-13,2016,3,13,0.0,0.0,0.0,0.0,0.0,0.0,0.0,0.0,0.0,,,0.0,1.0
610,2016-03-20,2016,3,20,0.0,0.0,0.0,0.0,0.0,0.0,0.0,0.0,0.0,,,0.0,1.0
611,2016-03-27,2016,3,27,0.0,0.0,0.0,0.0,0.0,0.0,0.0,0.0,0.0,,,0.0,1.0
612,2016-04-03,2016,4,3,0.0,0.0,0.0,0.0,0.0,0.0,0.0,0.0,0.0,,,0.0,1.0
613,2016-04-10,2016,4,10,0.0,0.0,0.0,0.0,0.0,0.0,0.0,0.0,0.0,,,0.0,1.0
614,2016-04-17,2016,4,17,0.0,0.0,0.0,0.0,0.0,0.0,0.0,0.0,0.0,,,0.0,1.0
615,2016-04-24,2016,4,24,0.0,0.0,0.0,0.0,0.0,0.0,0.0,0.0,0.0,,,0.0,1.0
616,2016-05-01,2016,5,1,0.0,0.0,0.0,0.0,0.0,0.0,0.0,0.0,0.0,,,0.0,1.0
617,2016-05-08,2016,5,8,0.0,0.0,0.0,0.0,0.0,0.0,0.0,0.0,0.0,,,0.0,1.0
618,2016-05-15,2016,5,15,0.0,0.0,0.0,0.0,0.0,0.0,0.0,0.0,0.0,,,0.0,1.0
619,2016-05-22,2016,5,22,0.0,0.0,0.0,0.0,0.0,0.0,0.0,0.0,0.0,,,0.0,1.0
620,2016-05-29,2016,5,29,0.0,0.0,0.0,0.0,0.0,0.0,0.0,0.0,0.0,,,0.0,1.0
621,2016-06-05,2016,6,5,0.0,0.0,0.0,0.0,0.0,0.0,0.0,0.0,0.0,,,0.0,1.0
622,2016-06-12,2016,6,12,0.0,0.0,0.0,0.0,0.0,0.0,0.0,0.0,0.0,,,0.0,1.0
623,2016-06-19,2016,6,19,0.0,0.0,0.0,0.0,0.0,0.0,0.0,0.0,0.0,,,0.0,1.0
624,2016-06-26,2016,6,26,0.0,0.0,0.0,0.0,0.0,0.0,0.0,0.0,0.0,,,0.0,1.0
625,2016-07-03,2016,7,3,0.0,0.0,0.0,0.0,0.0,0.0,0.0,0.0,0.0,,,0.0,1.0
626,2016-07-10,2016,7,10,0.0,0.0,0.0,0.0,0.0,0.0,0.0,0.0,0.0,,,0.0,1.0
627,2016-07-17,2016,7,17,0.0,0.0,0.0,0.0,0.0,0.0,0.0,0.0,0.0,,,0.0,1.0
628,2016-07-24,2016,7,24,0.0,0.0,0.0,0.0,0.0,0.0,0.0,0.0,0.0,,,0.0,1.0
629,2016-07-31,2016,7,31,0.0,0.0,0.0,0.0,0.0,0.0,0.0,0.0,0.0,,,0.0,1.0
630,2016-08-07,2016,8,7,0.0,0.0,0.0,0.0,0.0,0.0,0.0,0.0,0.0,,,0.0,1.0
631,2016-08-14,2016,8,14,1.0,0.0,0.0,0.0,0.0,0.0,0.0,0.0,0.0,1.0,1.0,3.0,1.0
632,2016-08-21,2016,8,21,0.0,0.0,0.0,0.0,0.0,0.0,0.0,0.0,0.0,0.0,0.0,0.0,0.0
633,2016-08-28,2016,8,28,0.0,0.0,0.0,0.0,0.0,0.0,0.0,0.0,0.0,0.0,0.0,0.0,1.0
634,2016-09-04,2016,9,4,0.0,0.0,0.0,0.0,0.0,0.0,0.0,0.0,0.0,0.0,0.0,0.0,1.0
635,2016-09-11,2016,9,11,0.0,0.0,0.0,0.0,0.0,0.0,0.0,0.0,0.0,0.0,0.0,0.0,1.0
636,2016-09-18,2016,9,18,0.0,0.0,0.0,0.0,0.0,0.0,0.0,0.0,0.0,0.0,0.0,0.0,1.0
637,2016-09-25,2016,9,25,0.0,0.0,0.0,0.0,0.0,0.0,0.0,0.0,0.0,0.0,0.0,0.0,1.0
638,2016-10-02,2016,10,2,0.0,0.0,0.0,0.0,0.0,0.0,0.0,0.0,0.0,0.0,0.0,0.0,1.0
639,2016-10-09,2016,10,9,0.0,0.0,0.0,0.0,0.0,0.0,0.0,0.0,0.0,0.0,0.0,0.0,1.0
640,2016-10-16,2016,10,16,0.0,0.0,0.0,0.0,0.0,0.0,0.0,0.0,0.0,0.0,0.0,0.0,1.0
641,2016-10-23,2016,10,23,0.0,0.0,0.0,0.0,0.0,0.0,0.0,0.0,0.0,0.0,0.0,0.0,1.0
642,2016-10-30,2016,10,30,0.0,0.0,0.0,0.0,0.0,0.0,0.0,0.0,0.0,0.0,0.0,0.0,1.0
643,2016-11-06,2016,11,6,0.0,0.0,0.0,0.0,0.0,0.0,0.0,0.0,0.0,0.0,0.0,0.0,1.0
644,2016-11-13,2016,11,13,0.0,0.0,0.0,0.0,0.0,0.0,0.0,0.0,0.0,0.0,0.0,0.0,1.0
645,2016-11-20,2016,11,20,0.0,1.0,0.0,0.0,0.0,0.0,0.0,0.0,0.0,0.0,0.0,1.0,1.0
646,2016-11-27,2016,11,27,0.0,0.0,0.0,0.0,0.0,0.0,0.0,0.0,0.0,0.0,0.0,0.0,0.0
647,2016-12-04,2016,12,4,0.0,0.0,0.0,0.0,0.0,0.0,0.0,0.0,0.0,0.0,0.0,0.0,1.0
648,2016-12-11,2016,12,11,0.0,0.0,0.0,0.0,0.0,0.0,0.0,0.0,0.0,0.0,0.0,0.0,1.0
649,2016-12-18,2016,12,18,0.0,0.0,0.0,0.0,0.0,0.0,0.0,0.0,0.0,0.0,0.0,0.0,1.0
650,2016-12-25,2016,12,25,0.0,0.0,0.0,0.0,0.0,0.0,0.0,0.0,0.0,0.0,0.0,0.0,1.0
651,2017-01-01,2017,1,1,0.0,0.0,0.0,0.0,0.0,0.0,0.0,0.0,0.0,0.0,0.0,0.0,1.0
652,2017-01-08,2017,1,8,0.0,0.0,0.0,0.0,0.0,0.0,0.0,0.0,0.0,0.0,0.0,0.0,1.0
653,2017-01-15,2017,1,15,0.0,0.0,0.0,0.0,0.0,0.0,0.0,0.0,0.0,0.0,0.0,0.0,1.0
654,2017-01-22,2017,1,22,0.0,0.0,0.0,0.0,0.0,0.0,0.0,0.0,0.0,0.0,0.0,0.0,1.0
655,2017-01-29,2017,1,29,0.0,0.0,0.0,0.0,0.0,0.0,0.0,0.0,0.0,0.0,0.0,0.0,1.0
656,2017-02-05,2017,2,5,0.0,0.0,0.0,0.0,0.0,0.0,0.0,0.0,0.0,0.0,0.0,0.0,1.0
657,2017-02-12,2017,2,12,0.0,0.0,0.0,0.0,0.0,0.0,0.0,0.0,0.0,0.0,0.0,0.0,1.0
658,2017-02-19,2017,2,19,0.0,0.0,0.0,0.0,0.0,0.0,0.0,0.0,0.0,0.0,0.0,0.0,1.0
659,2017-02-26,2017,2,26,0.0,0.0,0.0,0.0,0.0,0.0,0.0,0.0,0.0,0.0,0.0,0.0,1.0
660,2017-03-05,2017,3,5,0.0,0.0,0.0,0.0,0.0,0.0,0.0,0.0,0.0,0.0,0.0,0.0,1.0
661,2017-03-12,2017,3,12,0.0,0.0,0.0,0.0,0.0,0.0,0.0,0.0,0.0,0.0,0.0,0.0,1.0
662,2017-03-19,2017,3,19,0.0,0.0,0.0,0.0,0.0,0.0,0.0,0.0,0.0,0.0,0.0,0.0,1.0
663,2017-03-26,2017,3,26,0.0,0.0,0.0,0.0,0.0,0.0,0.0,0.0,0.0,0.0,0.0,0.0,1.0
664,2017-04-02,2017,4,2,0.0,0.0,0.0,0.0,0.0,0.0,0.0,0.0,0.0,0.0,0.0,0.0,1.0
665,2017-04-09,2017,4,9,0.0,0.0,0.0,0.0,0.0,0.0,0.0,0.0,0.0,0.0,0.0,0.0,1.0
666,2017-04-16,2017,4,16,0.0,0.0,0.0,0.0,0.0,0.0,0.0,0.0,0.0,0.0,0.0,0.0,1.0
667,2017-04-23,2017,4,23,0.0,0.0,0.0,0.0,0.0,0.0,0.0,0.0,0.0,0.0,0.0,0.0,1.0
668,2017-04-30,2017,4,30,0.0,0.0,0.0,0.0,0.0,0.0,0.0,0.0,0.0,0.0,0.0,0.0,1.0
669,2017-05-07,2017,5,7,0.0,0.0,0.0,0.0,0.0,0.0,0.0,0.0,0.0,0.0,0.0,0.0,1.0
670,2017-05-14,2017,5,14,0.0,0.0,0.0,0.0,0.0,0.0,0.0,0.0,0.0,0.0,0.0,0.0,1.0
671,2017-05-21,2017,5,21,0.0,0.0,0.0,0.0,0.0,0.0,0.0,0.0,0.0,0.0,0.0,0.0,1.0
672,2017-05-28,2017,5,28,0.0,0.0,0.0,0.0,0.0,0.0,0.0,0.0,0.0,0.0,0.0,0.0,1.0
673,2017-06-04,2017,6,4,0.0,0.0,0.0,0.0,0.0,0.0,0.0,0.0,0.0,0.0,0.0,0.0,1.0
674,2017-06-11,2017,6,11,0.0,0.0,0.0,0.0,0.0,0.0,0.0,0.0,0.0,0.0,0.0,0.0,1.0
675,2017-06-18,2017,6,18,0.0,0.0,0.0,0.0,0.0,0.0,0.0,0.0,0.0,0.0,0.0,0.0,1.0
676,2017-06-25,2017,6,25,0.0,0.0,0.0,0.0,0.0,0.0,0.0,0.0,0.0,0.0,0.0,0.0,1.0
677,2017-07-02,2017,7,2,0.0,0.0,0.0,0.0,0.0,0.0,0.0,0.0,0.0,0.0,0.0,0.0,1.0
678,2017-07-09,2017,7,9,0.0,0.0,0.0,0.0,0.0,0.0,0.0,0.0,0.0,0.0,0.0,0.0,1.0
679,2017-07-16,2017,7,16,0.0,0.0,0.0,0.0,0.0,0.0,0.0,0.0,0.0,0.0,0.0,0.0,1.0
680,2017-07-23,2017,7,23,0.0,0.0,0.0,0.0,0.0,0.0,0.0,0.0,0.0,0.0,0.0,0.0,1.0
681,2017-07-30,2017,7,30,0.0,0.0,0.0,0.0,0.0,0.0,0.0,0.0,0.0,0.0,0.0,0.0,1.0
682,2017-08-06,2017,8,6,0.0,0.0,0.0,0.0,0.0,0.0,0.0,0.0,0.0,0.0,0.0,0.0,1.0
683,2017-08-13,2017,8,13,0.0,0.0,0.0,0.0,0.0,0.0,0.0,0.0,0.0,0.0,0.0,0.0,1.0
684,2017-08-20,2017,8,20,0.0,0.0,0.0,0.0,0.0,0.0,0.0,0.0,0.0,0.0,0.0,0.0,1.0
685,2017-08-27,2017,8,27,0.0,0.0,0.0,0.0,0.0,0.0,0.0,0.0,0.0,0.0,0.0,0.0,1.0
686,2017-09-03,2017,9,3,0.0,0.0,0.0,0.0,0.0,0.0,0.0,0.0,0.0,0.0,0.0,0.0,1.0
687,2017-09-10,2017,9,10,0.0,0.0,0.0,0.0,0.0,0.0,0.0,0.0,0.0,0.0,0.0,0.0,1.0
688,2017-09-17,2017,9,17,0.0,0.0,0.0,0.0,0.0,0.0,0.0,0.0,0.0,0.0,0.0,0.0,1.0
689,2017-09-24,2017,9,24,0.0,0.0,0.0,0.0,0.0,0.0,0.0,0.0,0.0,0.0,0.0,0.0,1.0
690,2017-10-01,2017,10,1,0.0,0.0,0.0,0.0,0.0,0.0,0.0,0.0,0.0,0.0,0.0,0.0,1.0
691,2017-10-08,2017,10,8,0.0,0.0,0.0,0.0,0.0,0.0,0.0,0.0,0.0,0.0,0.0,0.0,1.0
692,2017-10-15,2017,10,15,0.0,0.0,0.0,0.0,0.0,0.0,0.0,0.0,0.0,0.0,0.0,0.0,1.0
693,2017-10-22,2017,10,22,0.0,0.0,0.0,0.0,0.0,0.0,0.0,0.0,0.0,0.0,0.0,0.0,1.0
694,2017-10-29,2017,10,29,0.0,0.0,0.0,0.0,0.0,0.0,0.0,0.0,0.0,0.0,0.0,0.0,1.0
695,2017-11-05,2017,11,5,0.0,0.0,0.0,0.0,0.0,0.0,0.0,0.0,0.0,0.0,0.0,0.0,1.0
696,2017-11-12,2017,11,12,0.0,0.0,0.0,0.0,0.0,0.0,0.0,0.0,0.0,0.0,0.0,0.0,1.0
697,2017-11-19,2017,11,19,0.0,0.0,0.0,0.0,0.0,0.0,0.0,0.0,0.0,0.0,0.0,0.0,1.0
698,2017-11-26,2017,11,26,0.0,0.0,0.0,0.0,0.0,0.0,0.0,0.0,0.0,0.0,0.0,0.0,1.0
699,2017-12-03,2017,12,3,0.0,0.0,0.0,0.0,0.0,0.0,0.0,0.0,0.0,0.0,0.0,0.0,1.0
700,2017-12-10,2017,12,10,0.0,0.0,0.0,0.0,0.0,0.0,0.0,0.0,0.0,0.0,0.0,0.0,1.0
701,2017-12-17,2017,12,17,0.0,0.0,0.0,0.0,0.0,0.0,0.0,0.0,0.0,0.0,0.0,0.0,1.0
702,2017-12-24,2017,12,24,0.0,0.0,0.0,0.0,0.0,0.0,0.0,0.0,0.0,0.0,0.0,0.0,1.0
703,2017-12-31,2017,12,31,0.0,0.0,0.0,0.0,0.0,0.0,0.0,0.0,0.0,0.0,0.0,0.0,1.0
704,2018-01-07,2018,1,7,0.0,0.0,0.0,0.0,0.0,0.0,0.0,0.0,0.0,0.0,0.0,0.0,1.0
705,2018-01-14,2018,1,14,0.0,0.0,0.0,0.0,0.0,0.0,0.0,0.0,0.0,0.0,0.0,0.0,1.0
706,2018-01-21,2018,1,21,0.0,0.0,0.0,0.0,0.0,0.0,0.0,0.0,0.0,0.0,0.0,0.0,1.0
707,2018-01-28,2018,1,28,0.0,0.0,0.0,0.0,0.0,0.0,0.0,0.0,0.0,0.0,0.0,0.0,1.0
708,2018-02-04,2018,2,4,0.0,0.0,0.0,0.0,0.0,0.0,0.0,0.0,0.0,0.0,0.0,0.0,1.0
709,2018-02-11,2018,2,11,0.0,0.0,0.0,0.0,0.0,0.0,0.0,0.0,0.0,0.0,0.0,0.0,1.0
710,2018-02-18,2018,2,18,0.0,0.0,0.0,0.0,0.0,0.0,0.0,0.0,0.0,0.0,0.0,0.0,1.0
711,2018-02-25,2018,2,25,0.0,0.0,0.0,0.0,0.0,0.0,0.0,0.0,0.0,0.0,0.0,0.0,1.0
712,2018-03-04,2018,3,4,0.0,0.0,0.0,0.0,0.0,0.0,0.0,0.0,0.0,0.0,0.0,0.0,1.0
713,2018-03-11,2018,3,11,0.0,0.0,0.0,0.0,0.0,0.0,0.0,0.0,0.0,0.0,0.0,0.0,1.0
714,2018-03-18,2018,3,18,0.0,0.0,0.0,0.0,0.0,0.0,0.0,0.0,0.0,0.0,0.0,0.0,1.0
715,2018-03-25,2018,3,25,0.0,0.0,0.0,0.0,0.0,0.0,0.0,0.0,0.0,0.0,0.0,0.0,1.0
716,2018-04-01,2018,4,1,0.0,0.0,0.0,0.0,0.0,0.0,0.0,0.0,0.0,0.0,0.0,0.0,1.0
717,2018-04-08,2018,4,8,0.0,0.0,0.0,0.0,0.0,0.0,0.0,0.0,0.0,0.0,0.0,0.0,1.0
718,2018-04-15,2018,4,15,0.0,0.0,0.0,0.0,0.0,0.0,0.0,0.0,0.0,0.0,0.0,0.0,1.0
719,2018-04-22,2018,4,22,1.0,1.0,2.0,0.0,2.0,2.0,0.0,0.0,0.0,3.0,2.0,13.0,1.0
720,2018-04-29,2018,4,29,0.0,0.0,1.0,0.0,0.0,0.0,0.0,0.0,0.0,2.0,2.0,5.0,0.0
721,2018-05-06,2018,5,6,0.0,0.0,0.0,0.0,0.0,0.0,0.0,0.0,0.0,0.0,0.0,0.0,0.0
722,2018-05-13,2018,5,13,0.0,0.0,0.0,0.0,0.0,0.0,0.0,0.0,0.0,0.0,0.0,0.0,1.0
723,2018-05-20,2018,5,20,0.0,0.0,0.0,0.0,0.0,0.0,0.0,0.0,0.0,0.0,0.0,0.0,1.0
724,2018-05-27,2018,5,27,0.0,0.0,0.0,0.0,0.0,0.0,0.0,0.0,0.0,0.0,0.0,0.0,1.0
725,2018-06-03,2018,6,3,0.0,0.0,0.0,0.0,0.0,0.0,0.0,0.0,0.0,0.0,0.0,0.0,1.0
726,2018-06-10,2018,6,10,0.0,0.0,0.0,0.0,0.0,0.0,0.0,0.0,0.0,0.0,0.0,0.0,1.0
727,2018-06-17,2018,6,17,0.0,0.0,0.0,0.0,0.0,0.0,0.0,0.0,0.0,0.0,0.0,0.0,1.0
728,2018-06-24,2018,6,24,0.0,0.0,0.0,0.0,0.0,0.0,0.0,0.0,0.0,0.0,0.0,0.0,1.0
729,2018-07-01,2018,7,1,0.0,0.0,0.0,0.0,0.0,0.0,0.0,0.0,0.0,0.0,0.0,0.0,1.0
730,2018-07-08,2018,7,8,0.0,0.0,0.0,0.0,0.0,0.0,0.0,0.0,0.0,0.0,0.0,0.0,1.0
731,2018-07-15,2018,7,15,0.0,0.0,0.0,0.0,0.0,0.0,0.0,0.0,0.0,0.0,0.0,0.0,1.0
732,2018-07-22,2018,7,22,0.0,0.0,0.0,0.0,0.0,0.0,0.0,0.0,0.0,0.0,0.0,0.0,1.0
733,2018-07-29,2018,7,29,0.0,0.0,0.0,0.0,0.0,0.0,0.0,0.0,0.0,0.0,0.0,0.0,1.0
734,2018-08-05,2018,8,5,0.0,0.0,0.0,0.0,0.0,0.0,0.0,0.0,0.0,0.0,0.0,0.0,1.0
735,2018-08-12,2018,8,12,0.0,0.0,0.0,0.0,0.0,0.0,0.0,0.0,0.0,0.0,0.0,0.0,1.0
736,2018-08-19,2018,8,19,0.0,0.0,0.0,0.0,0.0,0.0,0.0,0.0,0.0,0.0,0.0,0.0,1.0
737,2018-08-26,2018,8,26,0.0,0.0,0.0,0.0,0.0,0.0,0.0,0.0,0.0,0.0,0.0,0.0,1.0
738,2018-09-02,2018,9,2,0.0,0.0,0.0,0.0,0.0,0.0,0.0,0.0,0.0,0.0,0.0,0.0,1.0
739,2018-09-09,2018,9,9,0.0,0.0,0.0,0.0,0.0,0.0,0.0,0.0,0.0,0.0,0.0,0.0,1.0
740,2018-09-16,2018,9,16,0.0,0.0,0.0,0.0,0.0,0.0,0.0,0.0,0.0,0.0,0.0,0.0,1.0
741,2018-09-23,2018,9,23,0.0,0.0,0.0,0.0,0.0,0.0,0.0,0.0,0.0,0.0,0.0,0.0,1.0
742,2018-09-30,2018,9,30,0.0,0.0,1.0,0.0,0.0,0.0,0.0,0.0,0.0,1.0,1.0,3.0,1.0
743,2018-10-07,2018,10,7,2.0,0.0,2.0,0.0,0.0,0.0,0.0,0.0,0.0,2.0,2.0,8.0,1.0
744,2018-10-14,2018,10,14,0.0,0.0,0.0,0.0,0.0,0.0,0.0,0.0,0.0,0.0,0.0,0.0,0.0
745,2018-10-21,2018,10,21,0.0,0.0,0.0,0.0,0.0,0.0,0.0,0.0,0.0,0.0,0.0,0.0,1.0
746,2018-10-28,2018,10,28,7.0,1.0,10.0,0.0,3.0,1.0,0.0,0.0,0.0,6.0,2.0,30.0,1.0
747,2018-11-04,2018,11,4,0.0,0.0,0.0,0.0,0.0,0.0,0.0,0.0,0.0,0.0,0.0,0.0,0.0
748,2018-11-11,2018,11,11,0.0,0.0,0.0,1.0,0.0,0.0,0.0,0.0,0.0,0.0,0.0,1.0,1.0
749,2018-11-18,2018,11,18,0.0,0.0,0.0,0.0,0.0,0.0,0.0,0.0,0.0,0.0,0.0,0.0,0.0
750,2018-11-25,2018,11,25,0.0,0.0,0.0,0.0,0.0,0.0,0.0,0.0,0.0,0.0,0.0,0.0,1.0
751,2018-12-02,2018,12,2,0.0,0.0,0.0,0.0,0.0,0.0,0.0,0.0,0.0,0.0,0.0,0.0,1.0
752,2018-12-09,2018,12,9,0.0,0.0,0.0,0.0,0.0,0.0,0.0,0.0,0.0,0.0,0.0,0.0,1.0
753,2018-12-16,2018,12,16,0.0,0.0,0.0,0.0,0.0,0.0,0.0,0.0,0.0,0.0,0.0,0.0,1.0
754,2018-12-23,2018,12,23,1.0,0.0,0.0,0.0,1.0,1.0,0.0,0.0,0.0,1.0,1.0,5.0,1.0
755,2018-12-30,2018,12,30,0.0,0.0,0.0,0.0,0.0,0.0,0.0,0.0,0.0,0.0,0.0,0.0,0.0
756,2019-01-06,2019,1,6,1.0,0.0,1.0,0.0,0.0,0.0,0.0,0.0,0.0,1.0,1.0,4.0,1.0
757,2019-01-13,2019,1,13,0.0,0.0,0.0,0.0,0.0,0.0,0.0,0.0,0.0,0.0,0.0,0.0,0.0
758,2019-01-20,2019,1,20,0.0,0.0,0.0,0.0,0.0,0.0,0.0,0.0,0.0,0.0,0.0,0.0,1.0
759,2019-01-27,2019,1,27,0.0,0.0,0.0,0.0,0.0,0.0,0.0,0.0,0.0,1.0,1.0,2.0,1.0
760,2019-02-03,2019,2,3,0.0,0.0,0.0,0.0,0.0,0.0,0.0,0.0,0.0,0.0,0.0,0.0,0.0
761,2019-02-10,2019,2,10,0.0,0.0,0.0,0.0,0.0,0.0,0.0,0.0,0.0,0.0,0.0,0.0,1.0
762,2019-02-17,2019,2,17,0.0,0.0,0.0,0.0,0.0,0.0,0.0,0.0,0.0,0.0,0.0,0.0,1.0
763,2019-02-24,2019,2,24,0.0,0.0,0.0,0.0,0.0,0.0,0.0,0.0,0.0,0.0,0.0,0.0,1.0
764,2019-03-03,2019,3,3,0.0,0.0,0.0,0.0,0.0,0.0,0.0,0.0,0.0,0.0,0.0,0.0,1.0
765,2019-03-10,2019,3,10,0.0,0.0,0.0,0.0,0.0,0.0,0.0,0.0,0.0,0.0,0.0,0.0,1.0
766,2019-03-17,2019,3,17,0.0,0.0,0.0,0.0,0.0,0.0,0.0,0.0,0.0,0.0,0.0,0.0,1.0
767,2019-03-24,2019,3,24,0.0,0.0,0.0,0.0,0.0,0.0,0.0,0.0,0.0,0.0,0.0,0.0,1.0
768,2019-03-31,2019,3,31,0.0,0.0,0.0,0.0,0.0,0.0,0.0,0.0,0.0,0.0,0.0,0.0,1.0
769,2019-04-07,2019,4,7,0.0,0.0,0.0,0.0,0.0,0.0,0.0,0.0,0.0,0.0,0.0,0.0,1.0
770,2019-04-14,2019,4,14,0.0,0.0,0.0,0.0,0.0,0.0,0.0,0.0,0.0,0.0,0.0,0.0,1.0
771,2019-04-21,2019,4,21,0.0,0.0,0.0,0.0,0.0,0.0,0.0,0.0,0.0,0.0,0.0,0.0,1.0
772,2019-04-28,2019,4,28,0.0,0.0,0.0,0.0,0.0,0.0,0.0,0.0,0.0,0.0,0.0,0.0,1.0
773,2019-05-05,2019,5,5,0.0,0.0,0.0,0.0,0.0,0.0,0.0,0.0,0.0,0.0,0.0,0.0,1.0
774,2019-05-12,2019,5,12,0.0,0.0,0.0,0.0,0.0,0.0,0.0,0.0,0.0,0.0,0.0,0.0,1.0
775,2019-05-19,2019,5,19,0.0,0.0,0.0,0.0,0.0,0.0,0.0,0.0,0.0,0.0,0.0,0.0,1.0
776,2019-05-26,2019,5,26,0.0,0.0,0.0,0.0,0.0,0.0,0.0,0.0,0.0,0.0,0.0,0.0,1.0
777,2019-06-02,2019,6,2,0.0,0.0,0.0,0.0,0.0,0.0,0.0,0.0,0.0,0.0,0.0,0.0,1.0
778,2019-06-09,2019,6,9,0.0,0.0,0.0,1.0,0.0,0.0,0.0,0.0,0.0,0.0,0.0,1.0,1.0
779,2019-06-16,2019,6,16,0.0,0.0,0.0,0.0,0.0,0.0,0.0,0.0,0.0,0.0,0.0,0.0,0.0
780,2019-06-23,2019,6,23,0.0,0.0,0.0,0.0,0.0,0.0,0.0,0.0,0.0,0.0,0.0,0.0,1.0
781,2019-06-30,2019,6,30,0.0,0.0,0.0,0.0,0.0,0.0,0.0,0.0,0.0,0.0,0.0,0.0,1.0
782,2019-07-07,2019,7,7,0.0,0.0,0.0,0.0,0.0,0.0,0.0,0.0,0.0,0.0,0.0,0.0,1.0
783,2019-07-14,2019,7,14,0.0,0.0,0.0,0.0,0.0,0.0,0.0,0.0,0.0,0.0,0.0,0.0,1.0
784,2019-07-21,2019,7,21,0.0,0.0,0.0,0.0,0.0,0.0,0.0,0.0,0.0,0.0,0.0,0.0,1.0
785,2019-07-28,2019,7,28,0.0,0.0,0.0,0.0,0.0,0.0,0.0,0.0,0.0,0.0,0.0,0.0,1.0
786,2019-08-04,2019,8,4,0.0,0.0,0.0,0.0,0.0,0.0,0.0,0.0,0.0,0.0,0.0,0.0,1.0
787,2019-08-11,2019,8,11,0.0,0.0,0.0,0.0,0.0,0.0,0.0,0.0,0.0,0.0,0.0,0.0,1.0
788,2019-08-18,2019,8,18,0.0,1.0,0.0,1.0,0.0,0.0,0.0,0.0,0.0,0.0,0.0,2.0,1.0
789,2019-08-25,2019,8,25,0.0,0.0,0.0,0.0,0.0,0.0,0.0,0.0,0.0,0.0,0.0,0.0,0.0
790,2019-09-01,2019,9,1,0.0,0.0,0.0,0.0,0.0,0.0,0.0,0.0,0.0,0.0,0.0,0.0,1.0
791,2019-09-08,2019,9,8,0.0,0.0,0.0,0.0,0.0,0.0,0.0,0.0,0.0,0.0,0.0,0.0,1.0
792,2019-09-15,2019,9,15,0.0,0.0,0.0,0.0,0.0,0.0,0.0,0.0,0.0,0.0,0.0,0.0,1.0
793,2019-09-22,2019,9,22,0.0,0.0,0.0,0.0,0.0,0.0,0.0,0.0,0.0,0.0,0.0,0.0,1.0
794,2019-09-29,2019,9,29,0.0,0.0,0.0,0.0,0.0,0.0,0.0,0.0,0.0,0.0,0.0,0.0,1.0
795,2019-10-06,2019,10,6,0.0,0.0,0.0,0.0,0.0,0.0,0.0,0.0,0.0,0.0,0.0,0.0,1.0
796,2019-10-13,2019,10,13,0.0,0.0,0.0,0.0,0.0,0.0,0.0,0.0,0.0,0.0,0.0,0.0,1.0
797,2019-10-20,2019,10,20,1.0,0.0,2.0,0.0,0.0,0.0,0.0,0.0,0.0,1.0,1.0,5.0,1.0
798,2019-10-27,2019,10,27,,,,,,,,,,0.0,0.0,0.0,0.0
799,2019-11-03,2019,11,3,,,,,,,,,,0.0,0.0,0.0,1.0
800,2019-11-10,2019,11,10,,,,,,,,,,0.0,0.0,0.0,1.0
801,2019-11-17,2019,11,17,,,,,,,,,,0.0,0.0,0.0,1.0
802,2019-11-24,2019,11,24,,,,,,,,,,0.0,0.0,0.0,1.0
803,2019-12-01,2019,12,1,,,,,,,,,,0.0,0.0,0.0,1.0
804,2019-12-08,2019,12,8,,,,,,,,,,0.0,0.0,0.0,1.0
805,2019-12-15,2019,12,15,,,,,,,,,,0.0,0.0,0.0,1.0
806,2019-12-22,2019,12,22,,,,,,,,,,0.0,0.0,0.0,1.0
807,2019-12-29,2019,12,29,,,,,,,,,,0.0,0.0,0.0,1.0
808,2020-01-05,2020,1,5,,,,,,,,,,0.0,0.0,0.0,1.0
809,2020-01-12,2020,1,12,,,,,,,,,,0.0,0.0,0.0,1.0
810,2020-01-19,2020,1,19,,,,,,,,,,0.0,0.0,0.0,1.0
811,2020-01-26,2020,1,26,,,,,,,,,,0.0,0.0,0.0,1.0
812,2020-02-02,2020,2,2,,,,,,,,,,0.0,0.0,0.0,1.0
813,2020-02-09,2020,2,9,,,,,,,,,,0.0,0.0,0.0,1.0
814,2020-02-16,2020,2,16,,,,,,,,,,0.0,0.0,0.0,1.0
815,2020-02-23,2020,2,23,,,,,,,,,,0.0,0.0,0.0,1.0
816,2020-03-01,2020,3,1,,,,,,,,,,0.0,0.0,0.0,1.0
817,2020-03-08,2020,3,8,,,,,,,,,,0.0,0.0,0.0,1.0
818,2020-03-15,2020,3,15,,,,,,,,,,0.0,0.0,0.0,1.0
819,2020-03-22,2020,3,22,,,,,,,,,,0.0,0.0,0.0,1.0
820,2020-03-29,2020,3,29,,,,,,,,,,0.0,0.0,0.0,1.0
821,2020-04-05,2020,4,5,,,,,,,,,,0.0,0.0,0.0,1.0
822,2020-04-12,2020,4,12,,,,,,,,,,0.0,0.0,0.0,1.0
823,2020-04-19,2020,4,19,,,,,,,,,,0.0,0.0,0.0,1.0
824,2020-04-26,2020,4,26,,,,,,,,,,0.0,0.0,0.0,1.0
825,2020-05-03,2020,5,3,,,,,,,,,,0.0,0.0,0.0,1.0
826,2020-05-10,2020,5,10,,,,,,,,,,2.0,1.0,3.0,1.0
827,2015-01-04,2015,1,4,0.0,0.0,0.0,4.0,3.0,2.0,0.0,0.0,0.0,,,9.0,
828,2015-01-11,2015,1,11,4.0,8.0,6.0,13.0,11.0,9.0,0.0,0.0,0.0,,,51.0,
829,2015-01-18,2015,1,18,0.0,4.0,1.0,8.0,6.0,6.0,0.0,0.0,0.0,,,25.0,
830,2015-01-25,2015,1,25,2.0,2.0,3.0,9.0,12.0,8.0,0.0,0.0,0.0,,,36.0,
831,2015-02-01,2015,2,1,2.0,3.0,3.0,6.0,21.0,11.0,0.0,0.0,0.0,,,46.0,
832,2015-02-08,2015,2,8,14.0,4.0,2.0,7.0,14.0,10.0,0.0,0.0,0.0,,,51.0,1.0
833,2015-02-15,2015,2,15,12.0,2.0,4.0,4.0,58.0,16.0,0.0,0.0,0.0,,,96.0,1.0
834,2015-02-22,2015,2,22,10.0,7.0,3.0,4.0,38.0,21.0,4.0,2.0,0.0,,,89.0,0.0
835,2015-03-01,2015,3,1,0.0,7.0,3.0,6.0,27.0,19.0,0.0,0.0,0.0,,,62.0,0.0
836,2015-03-08,2015,3,8,2.0,4.0,5.0,8.0,26.0,15.0,0.0,0.0,0.0,,,60.0,1.0
837,2015-03-15,2015,3,15,0.0,2.0,1.0,9.0,16.0,15.0,0.0,0.0,0.0,,,43.0,0.0
838,2015-03-22,2015,3,22,4.0,5.0,15.0,3.0,49.0,32.0,0.0,0.0,0.0,,,108.0,1.0
839,2015-03-29,2015,3,29,1.0,5.0,2.0,5.0,63.0,40.0,0.0,0.0,0.0,,,116.0,1.0
840,2015-04-05,2015,4,5,2.0,3.0,3.0,7.0,42.0,21.0,1.0,1.0,0.0,,,80.0,0.0
841,2015-04-12,2015,4,12,1.0,5.0,2.0,7.0,22.0,15.0,0.0,0.0,0.0,,,52.0,0.0
842,2015-04-19,2015,4,19,1.0,4.0,5.0,4.0,21.0,13.0,0.0,0.0,0.0,,,48.0,1.0
843,2015-04-26,2015,4,26,0.0,5.0,1.0,3.0,14.0,14.0,0.0,0.0,0.0,,,37.0,0.0
844,2015-05-03,2015,5,3,11.0,4.0,16.0,7.0,34.0,17.0,0.0,0.0,0.0,,,89.0,1.0
845,2015-05-10,2015,5,10,2.0,6.0,3.0,5.0,61.0,18.0,0.0,0.0,0.0,,,95.0,1.0
846,2015-05-17,2015,5,17,3.0,4.0,6.0,7.0,35.0,25.0,2.0,2.0,0.0,,,84.0,0.0
847,2015-05-24,2015,5,24,11.0,1.0,3.0,10.0,18.0,12.0,2.0,2.0,0.0,,,59.0,0.0
848,2015-05-31,2015,5,31,12.0,8.0,8.0,8.0,40.0,28.0,3.0,3.0,0.0,,,110.0,1.0
849,2015-06-07,2015,6,7,17.0,0.0,4.0,3.0,21.0,12.0,2.0,2.0,0.0,,,61.0,0.0
850,2015-06-14,2015,6,14,3.0,1.0,0.0,5.0,13.0,7.0,8.0,6.0,0.0,,,43.0,0.0
851,2015-06-21,2015,6,21,7.0,2.0,1.0,6.0,28.0,14.0,4.0,2.0,0.0,,,64.0,1.0
852,2015-06-28,2015,6,28,4.0,3.0,2.0,6.0,11.0,8.0,0.0,0.0,0.0,,,34.0,0.0
853,2015-07-05,2015,7,5,1.0,4.0,2.0,4.0,15.0,13.0,0.0,0.0,0.0,,,39.0,1.0
854,2015-07-12,2015,7,12,2.0,4.0,0.0,7.0,16.0,11.0,0.0,0.0,0.0,,,40.0,1.0
855,2015-07-19,2015,7,19,1.0,5.0,4.0,5.0,26.0,17.0,2.0,2.0,0.0,,,62.0,1.0
856,2015-07-26,2015,7,26,2.0,1.0,1.0,11.0,7.0,7.0,0.0,0.0,0.0,,,29.0,0.0
857,2015-08-02,2015,8,2,5.0,4.0,2.0,7.0,0.0,0.0,0.0,0.0,0.0,,,18.0,0.0
858,2015-08-09,2015,8,9,0.0,3.0,0.0,6.0,0.0,0.0,0.0,0.0,0.0,,,9.0,0.0
859,2015-08-16,2015,8,16,4.0,2.0,4.0,9.0,2.0,2.0,0.0,0.0,0.0,,,23.0,1.0
860,2015-08-23,2015,8,23,1.0,0.0,2.0,5.0,1.0,1.0,0.0,0.0,0.0,,,10.0,0.0
861,2015-08-30,2015,8,30,2.0,1.0,0.0,8.0,0.0,0.0,0.0,0.0,0.0,,,11.0,1.0
862,2015-09-06,2015,9,6,2.0,6.0,3.0,1.0,3.0,2.0,0.0,0.0,0.0,,,17.0,1.0
863,2015-09-13,2015,9,13,3.0,2.0,2.0,2.0,3.0,2.0,0.0,0.0,0.0,,,14.0,0.0
864,2015-09-20,2015,9,20,11.0,3.0,28.0,5.0,11.0,8.0,0.0,0.0,0.0,,,66.0,1.0
865,2015-09-27,2015,9,27,6.0,6.0,8.0,5.0,1.0,1.0,0.0,0.0,0.0,,,27.0,0.0
866,2015-10-04,2015,10,4,0.0,2.0,3.0,2.0,5.0,5.0,0.0,0.0,0.0,,,17.0,0.0
867,2015-10-11,2015,10,11,6.0,3.0,7.0,3.0,6.0,6.0,0.0,0.0,0.0,,,31.0,1.0
868,2015-10-18,2015,10,18,4.0,2.0,12.0,4.0,5.0,4.0,0.0,0.0,0.0,,,31.0,1.0
869,2015-10-25,2015,10,25,3.0,4.0,9.0,0.0,11.0,9.0,0.0,0.0,0.0,,,36.0,1.0
870,2015-11-01,2015,11,1,11.0,1.0,10.0,1.0,9.0,3.0,1.0,1.0,0.0,,,37.0,1.0
871,2015-11-08,2015,11,8,8.0,2.0,13.0,6.0,9.0,5.0,0.0,0.0,0.0,,,43.0,1.0
872,2015-11-15,2015,11,15,13.0,1.0,10.0,6.0,2.0,2.0,0.0,0.0,0.0,,,34.0,0.0
873,2015-11-22,2015,11,22,1.0,0.0,3.0,5.0,1.0,1.0,0.0,0.0,0.0,,,11.0,0.0
874,2015-11-29,2015,11,29,4.0,0.0,9.0,7.0,4.0,4.0,0.0,0.0,0.0,,,28.0,1.0
875,2015-12-06,2015,12,6,2.0,1.0,4.0,4.0,1.0,1.0,0.0,0.0,0.0,,,13.0,0.0
876,2015-12-13,2015,12,13,5.0,2.0,3.0,4.0,3.0,3.0,0.0,0.0,0.0,,,20.0,1.0
877,2015-12-20,2015,12,20,2.0,2.0,6.0,2.0,1.0,1.0,0.0,0.0,0.0,,,14.0,0.0
878,2015-12-27,2015,12,27,8.0,5.0,8.0,7.0,11.0,4.0,1.0,1.0,0.0,,,45.0,1.0
879,2016-01-03,2016,1,3,0.0,2.0,2.0,3.0,0.0,0.0,0.0,0.0,0.0,1.0,1.0,9.0,0.0
880,2016-01-10,2016,1,10,10.0,5.0,17.0,4.0,4.0,3.0,0.0,0.0,0.0,18.0,2.0,63.0,1.0
881,2016-01-17,2016,1,17,5.0,8.0,15.0,2.0,6.0,3.0,0.0,0.0,0.0,11.0,3.0,53.0,0.0
882,2016-01-24,2016,1,24,4.0,0.0,9.0,4.0,5.0,4.0,0.0,0.0,0.0,14.0,2.0,42.0,0.0
883,2016-01-31,2016,1,31,4.0,1.0,9.0,5.0,14.0,9.0,0.0,0.0,0.0,8.0,4.0,54.0,1.0
884,2016-02-07,2016,2,7,9.0,5.0,13.0,9.0,13.0,9.0,0.0,0.0,0.0,10.0,2.0,70.0,1.0
885,2016-02-14,2016,2,14,3.0,3.0,7.0,4.0,7.0,6.0,0.0,0.0,0.0,8.0,5.0,43.0,0.0
886,2016-02-21,2016,2,21,6.0,6.0,5.0,5.0,2.0,2.0,0.0,0.0,0.0,4.0,3.0,33.0,0.0
887,2016-02-28,2016,2,28,7.0,7.0,11.0,4.0,9.0,5.0,0.0,0.0,0.0,10.0,4.0,57.0,1.0
888,2016-03-06,2016,3,6,0.0,4.0,7.0,5.0,12.0,4.0,0.0,0.0,0.0,0.0,0.0,32.0,0.0
889,2016-03-13,2016,3,13,0.0,7.0,4.0,6.0,2.0,2.0,0.0,0.0,0.0,0.0,0.0,21.0,0.0
890,2016-03-20,2016,3,20,2.0,1.0,0.0,2.0,0.0,0.0,0.0,0.0,0.0,1.0,1.0,7.0,0.0
891,2016-03-27,2016,3,27,0.0,3.0,1.0,3.0,0.0,0.0,0.0,0.0,0.0,2.0,1.0,10.0,1.0
892,2016-04-03,2016,4,3,7.0,0.0,5.0,6.0,1.0,1.0,0.0,0.0,0.0,4.0,1.0,25.0,1.0
893,2016-04-10,2016,4,10,6.0,5.0,4.0,7.0,3.0,3.0,0.0,0.0,0.0,29.0,2.0,59.0,1.0
894,2016-04-17,2016,4,17,14.0,3.0,8.0,5.0,2.0,2.0,4.0,2.0,0.0,5.0,2.0,47.0,0.0
895,2016-04-24,2016,4,24,20.0,3.0,20.0,3.0,17.0,10.0,1.0,1.0,0.0,58.0,3.0,136.0,1.0
896,2016-05-01,2016,5,1,10.0,1.0,23.0,3.0,22.0,7.0,0.0,0.0,0.0,14.0,2.0,82.0,0.0
897,2016-05-08,2016,5,8,7.0,6.0,4.0,3.0,10.0,3.0,0.0,0.0,0.0,6.0,2.0,41.0,0.0
898,2016-05-15,2016,5,15,0.0,3.0,5.0,3.0,7.0,5.0,0.0,0.0,0.0,2.0,1.0,26.0,0.0
899,2016-05-22,2016,5,22,0.0,1.0,3.0,5.0,3.0,3.0,0.0,0.0,0.0,0.0,0.0,15.0,0.0
900,2016-05-29,2016,5,29,0.0,2.0,0.0,5.0,0.0,0.0,0.0,0.0,0.0,0.0,0.0,7.0,0.0
901,2016-06-05,2016,6,5,0.0,0.0,0.0,6.0,1.0,1.0,0.0,0.0,0.0,0.0,0.0,8.0,1.0
902,2016-06-12,2016,6,12,1.0,6.0,4.0,3.0,3.0,3.0,0.0,0.0,0.0,2.0,2.0,24.0,1.0
903,2016-06-19,2016,6,19,1.0,2.0,2.0,2.0,0.0,0.0,0.0,0.0,0.0,2.0,2.0,11.0,0.0
904,2016-06-26,2016,6,26,0.0,2.0,4.0,4.0,2.0,1.0,0.0,0.0,0.0,3.0,3.0,19.0,1.0
905,2016-07-03,2016,7,3,6.0,6.0,2.0,8.0,11.0,5.0,2.0,2.0,0.0,6.0,2.0,50.0,1.0
906,2016-07-10,2016,7,10,3.0,4.0,0.0,4.0,4.0,2.0,1.0,1.0,0.0,3.0,1.0,23.0,0.0
907,2016-07-17,2016,7,17,7.0,6.0,6.0,2.0,3.0,3.0,2.0,2.0,0.0,7.0,5.0,43.0,1.0
908,2016-07-24,2016,7,24,2.0,6.0,6.0,8.0,15.0,6.0,0.0,0.0,0.0,6.0,3.0,52.0,1.0
909,2016-07-31,2016,7,31,3.0,5.0,2.0,3.0,0.0,0.0,0.0,0.0,0.0,3.0,1.0,17.0,0.0
910,2016-08-07,2016,8,7,10.0,6.0,18.0,4.0,33.0,7.0,0.0,0.0,0.0,12.0,3.0,93.0,1.0
911,2016-08-14,2016,8,14,7.0,0.0,9.0,4.0,9.0,6.0,0.0,0.0,0.0,10.0,3.0,48.0,0.0
912,2016-08-21,2016,8,21,3.0,3.0,5.0,6.0,8.0,5.0,0.0,0.0,0.0,4.0,2.0,36.0,0.0
913,2016-08-28,2016,8,28,0.0,5.0,4.0,5.0,3.0,3.0,0.0,0.0,0.0,2.0,2.0,24.0,0.0
914,2016-09-04,2016,9,4,0.0,3.0,2.0,5.0,1.0,1.0,0.0,0.0,0.0,2.0,2.0,16.0,0.0
915,2016-09-11,2016,9,11,0.0,3.0,0.0,6.0,3.0,2.0,0.0,0.0,0.0,0.0,0.0,14.0,1.0
916,2016-09-18,2016,9,18,1.0,2.0,1.0,4.0,13.0,8.0,0.0,0.0,0.0,3.0,1.0,33.0,1.0
917,2016-09-25,2016,9,25,13.0,2.0,11.0,5.0,5.0,3.0,4.0,2.0,0.0,13.0,4.0,62.0,1.0
918,2016-10-02,2016,10,2,4.0,2.0,4.0,1.0,5.0,2.0,0.0,0.0,0.0,3.0,3.0,24.0,0.0
919,2016-10-09,2016,10,9,1.0,1.0,2.0,0.0,3.0,2.0,0.0,0.0,0.0,2.0,2.0,13.0,0.0
920,2016-10-16,2016,10,16,10.0,5.0,8.0,6.0,5.0,1.0,7.0,3.0,0.0,14.0,3.0,62.0,1.0
921,2016-10-23,2016,10,23,12.0,0.0,8.0,4.0,3.0,3.0,0.0,0.0,0.0,10.0,3.0,43.0,0.0
922,2016-10-30,2016,10,30,5.0,3.0,11.0,2.0,9.0,4.0,0.0,0.0,0.0,7.0,4.0,45.0,1.0
923,2016-11-06,2016,11,6,7.0,4.0,7.0,1.0,14.0,9.0,0.0,0.0,0.0,3.0,1.0,46.0,1.0
924,2016-11-13,2016,11,13,0.0,1.0,1.0,2.0,0.0,0.0,0.0,0.0,0.0,0.0,0.0,4.0,0.0
925,2016-11-20,2016,11,20,0.0,3.0,2.0,5.0,1.0,1.0,0.0,0.0,0.0,1.0,1.0,14.0,1.0
926,2016-11-27,2016,11,27,6.0,3.0,1.0,2.0,1.0,1.0,0.0,0.0,0.0,4.0,1.0,19.0,1.0
927,2016-12-04,2016,12,4,29.0,4.0,19.0,3.0,8.0,5.0,4.0,3.0,0.0,23.0,6.0,104.0,1.0
928,2016-12-11,2016,12,11,6.0,0.0,11.0,2.0,0.0,0.0,0.0,0.0,0.0,9.0,5.0,33.0,0.0
929,2016-12-18,2016,12,18,1.0,1.0,4.0,3.0,3.0,3.0,0.0,0.0,0.0,3.0,2.0,20.0,0.0
930,2016-12-25,2016,12,25,21.0,5.0,17.0,5.0,17.0,9.0,0.0,0.0,0.0,39.0,4.0,117.0,1.0
931,2017-01-01,2017,1,1,0.0,1.0,0.0,0.0,1.0,1.0,0.0,0.0,0.0,0.0,0.0,3.0,0.0
932,2017-01-08,2017,1,8,0.0,1.0,0.0,1.0,0.0,0.0,0.0,0.0,0.0,0.0,0.0,2.0,1.0
933,2017-01-15,2017,1,15,5.0,3.0,10.0,5.0,1.0,1.0,0.0,0.0,0.0,10.0,3.0,38.0,1.0
934,2017-01-22,2017,1,22,14.0,1.0,11.0,4.0,17.0,4.0,0.0,0.0,0.0,18.0,6.0,75.0,1.0
935,2017-01-29,2017,1,29,11.0,1.0,3.0,2.0,0.0,0.0,0.0,0.0,0.0,5.0,2.0,24.0,0.0
936,2017-02-05,2017,2,5,3.0,0.0,6.0,3.0,3.0,2.0,0.0,0.0,0.0,6.0,3.0,26.0,1.0
937,2017-02-12,2017,2,12,0.0,3.0,2.0,4.0,5.0,3.0,0.0,0.0,0.0,6.0,2.0,25.0,1.0
938,2017-02-19,2017,2,19,1.0,1.0,5.0,2.0,10.0,6.0,0.0,0.0,0.0,2.0,2.0,29.0,1.0
939,2017-02-26,2017,2,26,6.0,3.0,14.0,2.0,14.0,7.0,0.0,0.0,0.0,14.0,3.0,63.0,1.0
940,2017-03-05,2017,3,5,0.0,1.0,0.0,4.0,0.0,0.0,0.0,0.0,0.0,0.0,0.0,5.0,0.0
941,2017-03-12,2017,3,12,5.0,2.0,6.0,10.0,14.0,5.0,0.0,0.0,0.0,5.0,2.0,49.0,1.0
942,2017-03-19,2017,3,19,3.0,1.0,3.0,5.0,2.0,1.0,0.0,0.0,0.0,3.0,1.0,19.0,0.0
943,2017-03-26,2017,3,26,1.0,0.0,2.0,6.0,1.0,1.0,0.0,0.0,0.0,1.0,1.0,13.0,0.0
944,2017-04-02,2017,4,2,14.0,0.0,5.0,7.0,1.0,1.0,0.0,0.0,0.0,6.0,2.0,36.0,1.0
945,2017-04-09,2017,4,9,12.0,1.0,5.0,6.0,4.0,2.0,0.0,0.0,0.0,3.0,2.0,35.0,1.0
946,2017-04-16,2017,4,16,3.0,3.0,5.0,6.0,16.0,8.0,0.0,0.0,0.0,7.0,3.0,51.0,1.0
947,2017-04-23,2017,4,23,11.0,3.0,6.0,6.0,5.0,3.0,0.0,0.0,0.0,1.0,1.0,36.0,0.0
948,2017-04-30,2017,4,30,3.0,0.0,12.0,5.0,1.0,1.0,0.0,0.0,0.0,45.0,2.0,69.0,1.0
949,2017-05-07,2017,5,7,4.0,0.0,11.0,5.0,4.0,2.0,0.0,0.0,0.0,9.0,2.0,37.0,0.0
950,2017-05-14,2017,5,14,0.0,1.0,0.0,4.0,0.0,0.0,0.0,0.0,0.0,0.0,0.0,5.0,0.0
951,2017-05-21,2017,5,21,6.0,1.0,6.0,4.0,0.0,0.0,0.0,0.0,0.0,13.0,2.0,32.0,1.0
952,2017-05-28,2017,5,28,4.0,0.0,6.0,4.0,0.0,0.0,0.0,0.0,0.0,5.0,3.0,22.0,0.0
953,2017-06-04,2017,6,4,2.0,1.0,4.0,1.0,2.0,2.0,0.0,0.0,0.0,1.0,1.0,14.0,0.0
954,2017-06-11,2017,6,11,11.0,4.0,4.0,5.0,2.0,2.0,0.0,0.0,0.0,21.0,3.0,52.0,1.0
955,2017-06-18,2017,6,18,9.0,1.0,7.0,1.0,5.0,4.0,0.0,0.0,0.0,9.0,4.0,40.0,0.0
956,2017-06-25,2017,6,25,0.0,2.0,0.0,3.0,0.0,0.0,0.0,0.0,0.0,0.0,0.0,5.0,0.0
957,2017-07-02,2017,7,2,0.0,3.0,6.0,2.0,7.0,6.0,2.0,2.0,0.0,1.0,1.0,30.0,1.0
958,2017-07-09,2017,7,9,13.0,1.0,7.0,2.0,9.0,6.0,0.0,0.0,0.0,10.0,2.0,50.0,1.0
959,2017-07-16,2017,7,16,1.0,1.0,3.0,9.0,1.0,1.0,0.0,0.0,0.0,2.0,2.0,20.0,0.0
960,2017-07-23,2017,7,23,5.0,1.0,3.0,10.0,4.0,2.0,0.0,0.0,0.0,6.0,2.0,33.0,1.0
961,2017-07-30,2017,7,30,3.0,1.0,0.0,4.0,3.0,3.0,0.0,0.0,0.0,1.0,1.0,16.0,0.0
962,2017-08-06,2017,8,6,0.0,1.0,0.0,3.0,0.0,0.0,0.0,0.0,0.0,0.0,0.0,4.0,0.0
963,2017-08-13,2017,8,13,4.0,1.0,1.0,1.0,1.0,1.0,0.0,0.0,0.0,4.0,1.0,14.0,1.0
964,2017-08-20,2017,8,20,6.0,1.0,1.0,2.0,2.0,2.0,0.0,0.0,0.0,3.0,2.0,19.0,1.0
965,2017-08-27,2017,8,27,0.0,0.0,0.0,3.0,1.0,1.0,0.0,0.0,0.0,0.0,0.0,5.0,0.0
966,2017-09-03,2017,9,3,0.0,1.0,0.0,2.0,0.0,0.0,0.0,0.0,0.0,0.0,0.0,3.0,0.0
967,2017-09-10,2017,9,10,1.0,1.0,3.0,1.0,1.0,1.0,0.0,0.0,0.0,1.0,1.0,10.0,1.0
968,2017-09-17,2017,9,17,0.0,3.0,1.0,4.0,3.0,3.0,0.0,0.0,0.0,0.0,0.0,14.0,1.0
969,2017-09-24,2017,9,24,0.0,2.0,1.0,1.0,2.0,1.0,0.0,0.0,0.0,1.0,1.0,9.0,0.0
970,2017-10-01,2017,10,1,4.0,0.0,2.0,1.0,3.0,1.0,0.0,0.0,0.0,3.0,2.0,16.0,1.0
971,2017-10-08,2017,10,8,0.0,2.0,0.0,2.0,0.0,0.0,0.0,0.0,0.0,0.0,0.0,4.0,0.0
972,2017-10-15,2017,10,15,0.0,1.0,1.0,1.0,0.0,0.0,0.0,0.0,0.0,2.0,1.0,6.0,1.0
973,2017-10-22,2017,10,22,0.0,0.0,0.0,5.0,2.0,2.0,0.0,0.0,0.0,0.0,0.0,9.0,1.0
974,2017-10-29,2017,10,29,0.0,0.0,0.0,11.0,1.0,1.0,0.0,0.0,0.0,0.0,0.0,13.0,1.0
975,2017-11-05,2017,11,5,0.0,0.0,0.0,1.0,0.0,0.0,0.0,0.0,0.0,0.0,0.0,1.0,0.0
976,2017-11-12,2017,11,12,0.0,3.0,3.0,5.0,0.0,0.0,0.0,0.0,0.0,3.0,3.0,17.0,1.0
977,2017-11-19,2017,11,19,0.0,2.0,2.0,6.0,0.0,0.0,0.0,0.0,0.0,3.0,2.0,15.0,0.0
978,2017-11-26,2017,11,26,0.0,2.0,0.0,4.0,0.0,0.0,0.0,0.0,0.0,0.0,0.0,6.0,0.0
979,2017-12-03,2017,12,3,0.0,3.0,0.0,6.0,13.0,3.0,0.0,0.0,0.0,0.0,0.0,25.0,1.0
980,2017-12-10,2017,12,10,7.0,2.0,9.0,2.0,13.0,5.0,0.0,0.0,0.0,14.0,4.0,56.0,1.0
981,2017-12-17,2017,12,17,0.0,1.0,0.0,3.0,0.0,0.0,0.0,0.0,0.0,0.0,0.0,4.0,0.0
982,2017-12-24,2017,12,24,1.0,3.0,2.0,3.0,1.0,1.0,0.0,0.0,0.0,2.0,2.0,15.0,1.0
983,2017-12-31,2017,12,31,0.0,0.0,0.0,4.0,0.0,0.0,0.0,0.0,0.0,0.0,0.0,4.0,0.0
984,2018-01-07,2018,1,7,0.0,0.0,0.0,0.0,0.0,0.0,0.0,0.0,0.0,1.0,1.0,2.0,1.0
985,2018-01-14,2018,1,14,0.0,0.0,0.0,0.0,0.0,0.0,0.0,0.0,0.0,4.0,2.0,6.0,1.0
986,2018-01-21,2018,1,21,0.0,0.0,0.0,0.0,0.0,0.0,0.0,0.0,0.0,28.0,2.0,30.0,1.0
987,2018-01-28,2018,1,28,0.0,0.0,0.0,0.0,0.0,0.0,0.0,0.0,0.0,16.0,3.0,19.0,0.0
988,2018-02-04,2018,2,4,0.0,0.0,0.0,0.0,3.0,2.0,0.0,0.0,0.0,6.0,2.0,13.0,0.0
989,2018-02-11,2018,2,11,3.0,2.0,2.0,4.0,0.0,0.0,0.0,0.0,0.0,9.0,2.0,22.0,1.0
990,2018-02-18,2018,2,18,1.0,1.0,3.0,5.0,3.0,3.0,0.0,0.0,0.0,1.0,1.0,18.0,0.0
991,2018-02-25,2018,2,25,4.0,4.0,6.0,2.0,2.0,2.0,0.0,0.0,0.0,5.0,3.0,28.0,1.0
992,2018-03-04,2018,3,4,1.0,2.0,3.0,1.0,0.0,0.0,0.0,0.0,0.0,10.0,3.0,20.0,0.0
993,2018-03-11,2018,3,11,7.0,1.0,8.0,5.0,4.0,3.0,0.0,0.0,0.0,7.0,4.0,39.0,1.0
994,2018-03-18,2018,3,18,11.0,1.0,5.0,3.0,3.0,2.0,0.0,0.0,0.0,8.0,3.0,36.0,0.0
995,2018-03-25,2018,3,25,1.0,2.0,1.0,3.0,4.0,3.0,0.0,0.0,0.0,1.0,1.0,16.0,0.0
996,2018-04-01,2018,4,1,0.0,1.0,0.0,0.0,0.0,0.0,0.0,0.0,0.0,0.0,0.0,1.0,0.0
997,2018-04-08,2018,4,8,2.0,0.0,1.0,2.0,0.0,0.0,0.0,0.0,0.0,4.0,2.0,11.0,1.0
998,2018-04-15,2018,4,15,2.0,3.0,2.0,4.0,0.0,0.0,0.0,0.0,0.0,4.0,3.0,18.0,1.0
999,2018-04-22,2018,4,22,3.0,2.0,2.0,1.0,2.0,2.0,0.0,0.0,0.0,5.0,3.0,20.0,1.0
1000,2018-04-29,2018,4,29,0.0,3.0,2.0,3.0,3.0,2.0,0.0,0.0,0.0,0.0,0.0,13.0,0.0
1001,2018-05-06,2018,5,6,10.0,4.0,4.0,2.0,0.0,0.0,0.0,0.0,0.0,2.0,2.0,24.0,1.0
1002,2018-05-13,2018,5,13,0.0,1.0,1.0,1.0,0.0,0.0,0.0,0.0,0.0,0.0,0.0,3.0,0.0
1003,2018-05-20,2018,5,20,0.0,1.0,0.0,2.0,0.0,0.0,0.0,0.0,0.0,0.0,0.0,3.0,1.0
1004,2018-05-27,2018,5,27,1.0,1.0,2.0,1.0,0.0,0.0,0.0,0.0,0.0,2.0,2.0,9.0,1.0
1005,2018-06-03,2018,6,3,1.0,0.0,0.0,4.0,0.0,0.0,0.0,0.0,0.0,1.0,1.0,7.0,0.0
1006,2018-06-10,2018,6,10,1.0,3.0,3.0,3.0,1.0,1.0,0.0,0.0,0.0,1.0,1.0,14.0,1.0
1007,2018-06-17,2018,6,17,0.0,0.0,0.0,6.0,0.0,0.0,0.0,0.0,0.0,0.0,0.0,6.0,0.0
1008,2018-06-24,2018,6,24,0.0,3.0,2.0,2.0,0.0,0.0,0.0,0.0,0.0,0.0,0.0,7.0,1.0
1009,2018-07-01,2018,7,1,0.0,1.0,1.0,5.0,0.0,0.0,0.0,0.0,0.0,0.0,0.0,7.0,1.0
1010,2018-07-08,2018,7,8,0.0,0.0,3.0,3.0,0.0,0.0,0.0,0.0,0.0,5.0,1.0,12.0,1.0
1011,2018-07-15,2018,7,15,4.0,1.0,5.0,5.0,13.0,10.0,0.0,0.0,0.0,4.0,3.0,45.0,1.0
1012,2018-07-22,2018,7,22,1.0,0.0,3.0,0.0,1.0,1.0,1.0,1.0,0.0,1.0,1.0,10.0,0.0
1013,2018-07-29,2018,7,29,3.0,4.0,4.0,3.0,24.0,12.0,0.0,0.0,0.0,3.0,3.0,56.0,1.0
1014,2018-08-05,2018,8,5,2.0,0.0,5.0,2.0,11.0,7.0,1.0,1.0,0.0,2.0,1.0,32.0,0.0
1015,2018-08-12,2018,8,12,1.0,1.0,5.0,7.0,11.0,8.0,0.0,0.0,0.0,1.0,1.0,35.0,1.0
1016,2018-08-19,2018,8,19,15.0,0.0,13.0,3.0,16.0,8.0,0.0,0.0,0.0,10.0,4.0,69.0,1.0
1017,2018-08-26,2018,8,26,1.0,1.0,9.0,1.0,7.0,3.0,0.0,0.0,0.0,2.0,2.0,26.0,0.0
1018,2018-09-02,2018,9,2,6.0,0.0,10.0,0.0,17.0,8.0,0.0,0.0,0.0,21.0,2.0,64.0,1.0
1019,2018-09-09,2018,9,9,15.0,1.0,10.0,4.0,5.0,3.0,0.0,0.0,0.0,10.0,2.0,50.0,0.0
1020,2018-09-16,2018,9,16,11.0,3.0,21.0,2.0,12.0,10.0,0.0,0.0,0.0,6.0,2.0,67.0,1.0
1021,2018-09-23,2018,9,23,3.0,0.0,5.0,4.0,2.0,2.0,0.0,0.0,0.0,0.0,0.0,16.0,0.0
1022,2018-09-30,2018,9,30,3.0,1.0,6.0,3.0,5.0,3.0,0.0,0.0,0.0,2.0,1.0,24.0,1.0
1023,2018-10-07,2018,10,7,0.0,1.0,0.0,2.0,2.0,2.0,0.0,0.0,0.0,0.0,0.0,7.0,0.0
1024,2018-10-14,2018,10,14,2.0,3.0,4.0,2.0,2.0,1.0,0.0,0.0,0.0,2.0,1.0,17.0,1.0
1025,2018-10-21,2018,10,21,0.0,1.0,1.0,0.0,10.0,3.0,0.0,0.0,0.0,0.0,0.0,15.0,1.0
1026,2018-10-28,2018,10,28,3.0,1.0,7.0,2.0,3.0,3.0,0.0,0.0,0.0,4.0,1.0,24.0,1.0
1027,2018-11-04,2018,11,4,0.0,2.0,1.0,2.0,5.0,5.0,0.0,0.0,0.0,1.0,1.0,17.0,0.0
1028,2018-11-11,2018,11,11,1.0,1.0,1.0,2.0,0.0,0.0,0.0,0.0,0.0,1.0,1.0,7.0,0.0
1029,2018-11-18,2018,11,18,2.0,3.0,3.0,6.0,6.0,4.0,0.0,0.0,0.0,2.0,2.0,28.0,1.0
1030,2018-11-25,2018,11,25,1.0,1.0,2.0,2.0,2.0,2.0,0.0,0.0,0.0,1.0,1.0,12.0,0.0
1031,2018-12-02,2018,12,2,15.0,2.0,13.0,2.0,8.0,5.0,0.0,0.0,0.0,10.0,3.0,58.0,1.0
1032,2018-12-09,2018,12,9,0.0,0.0,0.0,4.0,0.0,0.0,0.0,0.0,0.0,0.0,0.0,4.0,0.0
1033,2018-12-16,2018,12,16,1.0,0.0,1.0,0.0,0.0,0.0,0.0,0.0,0.0,1.0,1.0,4.0,1.0
1034,2018-12-23,2018,12,23,0.0,0.0,0.0,2.0,0.0,0.0,0.0,0.0,0.0,0.0,0.0,2.0,1.0
1035,2018-12-30,2018,12,30,1.0,1.0,1.0,4.0,0.0,0.0,0.0,0.0,0.0,1.0,1.0,9.0,1.0
1036,2019-01-06,2019,1,6,0.0,1.0,0.0,2.0,0.0,0.0,0.0,0.0,0.0,0.0,0.0,3.0,0.0
1037,2019-01-13,2019,1,13,0.0,0.0,0.0,0.0,0.0,0.0,0.0,0.0,0.0,3.0,2.0,5.0,1.0
1038,2019-01-20,2019,1,20,0.0,0.0,0.0,0.0,0.0,0.0,0.0,0.0,0.0,1.0,1.0,2.0,0.0
1039,2019-01-27,2019,1,27,0.0,0.0,0.0,0.0,0.0,0.0,0.0,0.0,0.0,3.0,1.0,4.0,1.0
1040,2019-02-03,2019,2,3,13.0,0.0,12.0,2.0,1.0,1.0,0.0,0.0,0.0,6.0,1.0,36.0,1.0
1041,2019-02-10,2019,2,10,15.0,1.0,14.0,2.0,5.0,5.0,0.0,0.0,0.0,10.0,3.0,55.0,1.0
1042,2019-02-17,2019,2,17,5.0,2.0,8.0,6.0,1.0,1.0,0.0,0.0,0.0,3.0,2.0,28.0,0.0
1043,2019-02-24,2019,2,24,0.0,0.0,1.0,6.0,0.0,0.0,0.0,0.0,0.0,0.0,0.0,7.0,0.0
1044,2019-03-03,2019,3,3,2.0,2.0,7.0,3.0,2.0,2.0,0.0,0.0,0.0,2.0,1.0,21.0,1.0
1045,2019-03-10,2019,3,10,0.0,0.0,0.0,6.0,0.0,0.0,0.0,0.0,0.0,0.0,0.0,6.0,0.0
1046,2019-03-17,2019,3,17,0.0,0.0,0.0,3.0,0.0,0.0,0.0,0.0,0.0,0.0,0.0,3.0,0.0
1047,2019-03-24,2019,3,24,0.0,0.0,0.0,4.0,0.0,0.0,0.0,0.0,0.0,0.0,0.0,4.0,1.0
1048,2019-03-31,2019,3,31,0.0,0.0,0.0,2.0,0.0,0.0,0.0,0.0,0.0,0.0,0.0,2.0,0.0
1049,2019-04-07,2019,4,7,0.0,2.0,2.0,0.0,4.0,3.0,0.0,0.0,0.0,0.0,0.0,11.0,1.0
1050,2019-04-14,2019,4,14,3.0,1.0,4.0,4.0,2.0,1.0,0.0,0.0,0.0,2.0,1.0,18.0,1.0
1051,2019-04-21,2019,4,21,3.0,1.0,4.0,3.0,0.0,0.0,0.0,0.0,0.0,1.0,1.0,13.0,0.0
1052,2019-04-28,2019,4,28,0.0,4.0,2.0,2.0,1.0,1.0,0.0,0.0,0.0,0.0,0.0,10.0,0.0
1053,2019-05-05,2019,5,5,1.0,0.0,4.0,3.0,2.0,2.0,0.0,0.0,0.0,1.0,1.0,14.0,1.0
1054,2019-05-12,2019,5,12,1.0,2.0,2.0,6.0,2.0,2.0,0.0,0.0,0.0,1.0,1.0,17.0,1.0
1055,2019-05-19,2019,5,19,1.0,3.0,4.0,5.0,14.0,9.0,0.0,0.0,0.0,1.0,1.0,38.0,1.0
1056,2019-05-26,2019,5,26,13.0,0.0,8.0,1.0,9.0,7.0,0.0,0.0,0.0,4.0,2.0,44.0,1.0
1057,2019-06-02,2019,6,2,9.0,2.0,9.0,2.0,5.0,3.0,0.0,0.0,0.0,5.0,3.0,38.0,0.0
1058,2019-06-09,2019,6,9,2.0,0.0,2.0,0.0,1.0,1.0,0.0,0.0,0.0,1.0,1.0,8.0,0.0
1059,2019-06-16,2019,6,16,6.0,2.0,2.0,2.0,1.0,1.0,0.0,0.0,0.0,2.0,2.0,18.0,1.0
1060,2019-06-23,2019,6,23,0.0,2.0,4.0,2.0,3.0,2.0,0.0,0.0,0.0,0.0,0.0,13.0,0.0
1061,2019-06-30,2019,6,30,3.0,1.0,3.0,2.0,1.0,1.0,0.0,0.0,0.0,2.0,1.0,14.0,1.0
1062,2019-07-07,2019,7,7,2.0,0.0,2.0,5.0,0.0,0.0,0.0,0.0,0.0,2.0,2.0,13.0,1.0
1063,2019-07-14,2019,7,14,0.0,2.0,1.0,1.0,0.0,0.0,0.0,0.0,0.0,0.0,0.0,4.0,0.0
1064,2019-07-21,2019,7,21,3.0,0.0,0.0,3.0,0.0,0.0,0.0,0.0,0.0,2.0,1.0,9.0,1.0
1065,2019-07-28,2019,7,28,0.0,1.0,1.0,0.0,3.0,2.0,0.0,0.0,0.0,0.0,0.0,7.0,0.0
1066,2019-08-04,2019,8,4,0.0,0.0,0.0,2.0,4.0,4.0,0.0,0.0,0.0,0.0,0.0,10.0,1.0
1067,2019-08-11,2019,8,11,0.0,1.0,0.0,0.0,9.0,7.0,0.0,0.0,0.0,0.0,0.0,17.0,1.0
1068,2019-08-18,2019,8,18,4.0,2.0,5.0,4.0,9.0,8.0,0.0,0.0,0.0,4.0,1.0,37.0,1.0
1069,2019-08-25,2019,8,25,4.0,5.0,9.0,3.0,12.0,9.0,0.0,0.0,0.0,3.0,1.0,46.0,1.0
1070,2019-09-01,2019,9,1,8.0,1.0,5.0,2.0,4.0,3.0,0.0,0.0,0.0,5.0,1.0,29.0,0.0
1071,2019-09-08,2019,9,8,4.0,0.0,2.0,3.0,2.0,2.0,0.0,0.0,0.0,1.0,1.0,15.0,0.0
1072,2019-09-15,2019,9,15,0.0,1.0,0.0,1.0,0.0,0.0,0.0,0.0,0.0,0.0,0.0,2.0,0.0
1073,2019-09-22,2019,9,22,7.0,1.0,9.0,3.0,3.0,2.0,0.0,0.0,0.0,4.0,2.0,31.0,1.0
1074,2019-09-29,2019,9,29,0.0,0.0,0.0,3.0,2.0,2.0,0.0,0.0,0.0,0.0,0.0,7.0,0.0
1075,2019-10-06,2019,10,6,1.0,1.0,3.0,0.0,9.0,5.0,0.0,0.0,0.0,1.0,1.0,21.0,1.0
1076,2019-10-13,2019,10,13,7.0,0.0,4.0,5.0,2.0,2.0,0.0,0.0,0.0,2.0,1.0,23.0,1.0
1077,2019-10-20,2019,10,20,4.0,0.0,7.0,3.0,1.0,1.0,0.0,0.0,0.0,3.0,1.0,20.0,0.0
1078,2019-10-27,2019,10,27,0.0,0.0,0.0,4.0,0.0,0.0,0.0,0.0,0.0,0.0,0.0,4.0,0.0
1079,2019-11-03,2019,11,3,4.0,0.0,13.0,3.0,0.0,0.0,0.0,0.0,0.0,2.0,1.0,23.0,1.0
1080,2019-11-10,2019,11,10,3.0,1.0,7.0,2.0,2.0,2.0,0.0,0.0,0.0,3.0,2.0,22.0,1.0
1081,2019-11-17,2019,11,17,10.0,1.0,7.0,2.0,0.0,0.0,0.0,0.0,0.0,5.0,1.0,26.0,1.0
1082,2019-11-24,2019,11,24,6.0,2.0,13.0,6.0,7.0,6.0,0.0,0.0,0.0,5.0,1.0,46.0,1.0
1083,2019-12-01,2019,12,1,4.0,1.0,8.0,2.0,0.0,0.0,0.0,0.0,0.0,3.0,1.0,19.0,0.0
1084,2019-12-08,2019,12,8,12.0,0.0,18.0,1.0,6.0,4.0,0.0,0.0,0.0,10.0,1.0,52.0,1.0
1085,2019-12-15,2019,12,15,4.0,1.0,10.0,2.0,1.0,1.0,0.0,0.0,0.0,4.0,1.0,24.0,0.0
1086,2019-12-22,2019,12,22,3.0,0.0,8.0,0.0,6.0,4.0,0.0,0.0,0.0,3.0,1.0,25.0,1.0
1087,2019-12-29,2019,12,29,7.0,1.0,3.0,0.0,1.0,1.0,0.0,0.0,0.0,4.0,2.0,19.0,0.0
1088,2020-01-05,2020,1,5,0.0,0.0,0.0,1.0,2.0,2.0,0.0,0.0,0.0,0.0,0.0,5.0,0.0
1089,2020-01-12,2020,1,12,2.0,2.0,3.0,1.0,2.0,2.0,0.0,0.0,0.0,1.0,1.0,14.0,1.0
1090,2020-01-19,2020,1,19,0.0,0.0,1.0,0.0,0.0,0.0,0.0,0.0,0.0,1.0,1.0,3.0,0.0
1091,2020-01-26,2020,1,26,,,,,,,,,,0.0,0.0,0.0,0.0
1092,2020-02-02,2020,2,2,,,,,,,,,,0.0,0.0,0.0,1.0
1093,2020-02-09,2020,2,9,,,,,,,,,,6.0,1.0,7.0,1.0
1094,2020-02-16,2020,2,16,,,,,,,,,,1.0,1.0,2.0,0.0
1095,2020-02-23,2020,2,23,,,,,,,,,,0.0,0.0,0.0,0.0
1096,2020-03-01,2020,3,1,,,,,,,,,,1.0,1.0,2.0,1.0
1097,2020-03-08,2020,3,8,,,,,,,,,,2.0,1.0,3.0,1.0
1098,2020-03-15,2020,3,15,,,,,,,,,,4.0,2.0,6.0,1.0
1099,2020-03-22,2020,3,22,,,,,,,,,,2.0,1.0,3.0,0.0
1100,2020-03-29,2020,3,29,,,,,,,,,,0.0,0.0,0.0,0.0
1101,2020-04-05,2020,4,5,,,,,,,,,,1.0,1.0,2.0,1.0
1102,2020-04-12,2020,4,12,,,,,,,,,,7.0,1.0,8.0,1.0
1103,2020-04-19,2020,4,19,,,,,,,,,,2.0,1.0,3.0,0.0
1104,2020-04-26,2020,4,26,,,,,,,,,,1.0,1.0,2.0,0.0
1105,2020-05-03,2020,5,3,,,,,,,,,,12.0,2.0,14.0,1.0
1106,2020-05-10,2020,5,10,,,,,,,,,,0.0,0.0,0.0,0.0
1107,2020-05-17,2020,5,17,,,,,,,,,,0.0,0.0,0.0,1.0
1108,2020-05-24,2020,5,24,,,,,,,,,,7.0,1.0,8.0,1.0
1109,2020-05-31,2020,5,31,,,,,,,,,,12.0,1.0,13.0,1.0
1110,2020-06-07,2020,6,7,,,,,,,,,,2.0,1.0,3.0,0.0
1111,2020-06-14,2020,6,14,,,,,,,,,,1.0,1.0,2.0,0.0
1112,2020-06-21,2020,6,21,,,,,,,,,,1.0,1.0,2.0,1.0
1113,2020-06-28,2020,6,28,,,,,,,,,,5.0,1.0,6.0,1.0
1114,2020-07-05,2020,7,5,,,,,,,,,,7.0,1.0,8.0,1.0
1115,2020-07-12,2020,7,12,,,,,,,,,,5.0,1.0,6.0,0.0
1116,2020-07-19,2020,7,19,,,,,,,,,,11.0,1.0,12.0,1.0
1117,2020-07-26,2020,7,26,,,,,,,,,,11.0,1.0,12.0,1.0
1118,2020-08-02,2020,8,2,,,,,,,,,,8.0,1.0,9.0,0.0
1119,2020-08-09,2020,8,9,,,,,,,,,,10.0,1.0,11.0,1.0
1120,2020-08-16,2020,8,16,,,,,,,,,,5.0,1.0,6.0,0.0
1121,2020-08-23,2020,8,23,,,,,,,,,,3.0,1.0,4.0,0.0
1122,2020-08-30,2020,8,30,,,,,,,,,,2.0,1.0,3.0,0.0
1123,2020-09-06,2020,9,6,,,,,,,,,,4.0,2.0,6.0,1.0
1124,2020-09-13,2020,9,13,,,,,,,,,,4.0,2.0,6.0,1.0
1125,2020-09-20,2020,9,20,,,,,,,,,,3.0,1.0,4.0,0.0
1126,2020-09-27,2020,9,27,,,,,,,,,,6.0,1.0,7.0,1.0
1127,2020-10-04,2020,10,4,,,,,,,,,,2.0,1.0,3.0,0.0
1128,2020-10-11,2020,10,11,,,,,,,,,,10.0,2.0,12.0,1.0
1129,2020-10-18,2020,10,18,,,,,,,,,,2.0,2.0,4.0,0.0
